personID	name
1	Robert Arthur
2	H. G. Francis
3	Peter Pasetti
4	Oliver Rohrbeck
5	Jens Wawrczeck
6	Andreas Fröhlich
7	Richard Lauffen
8	Gerlach Fiedler
9	Ingrid Andree
10	Katharina Brauren
11	Stefan Brönneke
12	Karl-Ulrich Meves
13	Wolfgang Kubach
14	Andreas von der Meden
15	William Arden
16	Karin Lieneweg
17	Gottfried Kramer
18	Veronika Weckler
19	Fabian Harloff
20	Peter Buchholz
21	Ernst von Klipstein
22	Reiner Brönneke
23	M. V. Carey
24	Hans Hessling
25	Gernot Endemann
26	Heikedine Körting
27	Rolf Mamero
28	Stefan Schwade
29	René Genesis
30	Alexander Körting
31	Horst Frank
32	Lothar Grützner
33	Stephan Chrzescinski
34	Joachim Wolff
35	Madeleine Stolze
36	Renate Pichler
37	Marianne Kehlau
38	Nick West
39	Werner Cartano
40	Franz-Josef Steffens
41	Reinhilt Schneider
42	Torsten Sense
43	Peter Kirchberger
44	Andreas E. Beurmann
45	Volker Bogdan
46	Oliver Mink
47	Gisela Trowe
48	Karl Walter Diess
49	Ulrich Matschoss
50	Klaus Stieringer
51	Wolf Rahtjen
52	Horst Breiter
53	Brigitte Alexis
54	Marco Beddies
55	Helga Bammert
56	Eva Gelb
57	Günther Heising
58	Volker Brandt
59	Lothar Zibell
60	Cordula Hubrich
61	Nicolas Körting
62	Josef Dahmen
63	Lutz Mackensy
64	Hanni Vanhaiden
65	Horst Stark
66	Mathias Lorenz
67	Harald Pages
68	Wolfgang Jürgen
69	Mike Henning
70	Marlen Krause
71	Jürgen Thormann
72	Karl-Heinz Gerdesmann
73	Peer Siegel
74	Hans Irle
75	Hans Daniel
76	Heidi Schaffrath
77	Joachim Richert
78	Günther Flesch
79	Horst Schick
80	Christian Mey
81	Joachim Rake
82	Ulrich Benthien
83	Dieter B. Gerlach
84	Siegfried Wald
85	Ursula Vogel
86	Wolfgang Kaven
87	Jan Odle
88	Charles Regnier
89	Ingeburg Kanstein
90	Katrin Fröhlich
91	Rüdiger Schulzki
92	Christian Rode
93	Susanne Wulkow
94	Barbara Focke
95	Henry Kielmann
96	Sascha Draeger
97	Wolfgang Draeger
98	Hubert Mittendorf
99	Pinkas Braun
100	Manfred Steffen
101	Ruth Niehaus
102	Helmut Zierl
103	Willem Fricke
104	Monika Peitsch
105	Volkert Kraeft
106	Helmut Ahner
107	Philip Siegel
108	Douglas Welbat
109	Manfred Schermutzki
110	Utz Richter
111	Günter König
112	Eckart Dux
113	Edgar Bessen
114	Marc Brandel
115	Peter Lakenmacher
116	Ursela Monn
117	Simon Jäger
118	Günter Pfitzmann
119	Günther Dockerill
120	Wolfgang Völz
121	Horst Naumann
122	Jochen Sehrndt
123	Hans Paetsch
124	Ingeborg Kallweit
125	Svenja Pages
126	Ben Becker
127	Michael Grimm
128	Rose Estes
129	Frank-Dieter Tausch
130	Beate Hasenau
131	Megan Stine
132	Matthias Klimsa
133	Gerd Baltus
134	Monika Gabriel
135	Eric Vaessen
136	Claudia Schermutzki
137	Petra Kaminski
138	Rolf Jülich
139	Hartmut Kollakowsky
140	Manfred Liptow
141	Bernd Fallske
142	Astrid Kollex
143	Veronika Neugebauer
144	Manou Lubowski
145	Niki Nowotny
146	Dorothea Kaiser
147	Rolf E. Schenker
148	Lutz Harder
149	Achim Schülke
150	Micaëla Kreißler
151	Anne Schermutzki
152	Thomas Naumann
153	Michael von Rospatt
154	Gabriele Libbach
155	Walter Eltz
156	Ernst A. Frantz
157	Michael Quiatkowsky
158	Gerlinde Dillge
159	Norbert Lange
160	Megan & H. William Stine
161	Kerstin Draeger
162	Tessa Gasser
163	Hildegard Krekel
164	Michael Harck
165	G. H. Stone
166	Gosta Liptow
167	Anja Ziemer
168	Holger Mahlich
169	William McCay
170	Helgo Liebig
171	Peter Heinrich
172	Michael Griem
173	Xenia Hey
174	Leonhard Mahlich
175	Rolf Becker
176	Fred Maire
177	Rainer Schmitt
178	Andreas Mannkopff
179	Michaela Gröger
180	Verena Wiet
181	Matthias Bullach
182	Juliane Szalay
183	Wolfgang Schimmelpfennig
184	Peter Matić
185	Hans Barein
186	Peter Lerangis
187	Peter Schiff
188	Ben Tappé
189	Henry König
190	Samira Chanfir
191	Ann Montenbruck
192	Hans Clarin
193	Verena Großer
194	Willi Röbke
195	Jan-Friedrich Conrad
196	Hans Sievers
197	Annika Pages
198	Brigitte Johanna Henkel-Waidhofer
199	Heidrun von Goessel
200	Arthur Brauss
201	Michael Poelchau
202	Eva Zlonitzky
203	Gerda-Maria Jürgens
204	Thea Frank
205	Franz Rudnick
206	Knut Basewitz
207	Lutz Büschken
208	Tobias Pauls
209	Rebecca Völz
210	Hansi Jochmann
211	Ulrich Faulhaber
212	Thomas Schüler
213	Michael Mechel
214	Christian Stark
215	Prof. Justus Frantz
216	Uwe Büschken
217	Gerd Duwner
218	Tilman Madaus
219	Eva Maria Bauer
220	André Minninger
221	Thomas Thomé
222	Janina Richter
223	Thomas M. Stein
224	Anne Marr
225	Ursula Sieg
226	Barbara Ratthey
227	Monika Werner
228	Lutz Schnell
229	Frank Meyer-Brockmann
230	Klaus Sonnenschein
231	Jürgen Kopp
232	Edith Hancke
233	Günther Jerschke
234	Matthias Fuchs
235	Dirk Anton
236	Katja Brügger
237	Leonardo Cusenza
238	Maria Chirivi
239	Francesca Chiavon
240	Marcello Grassi
241	Luigi Pane
242	Tassilo Jelde
243	Ingeborg Ottmann
244	Boris von Sychowski
245	Michael Bideller
246	Antje Roosch
247	Nicolas König
248	Ursula Gompf
249	Antje Cornelius
250	Eberhard Haar
251	Oliver Reinhard
252	Cornelia Meinhardt
253	Tim Wieck
254	Klaus-Peter Kaehler
255	Jona Mues
256	Susanne von Loessl
257	Christian Redl
258	Wilhelm Wieben
259	Michael Lott
260	Eva Weissmann
261	Dieter Ohlendiek
262	Johann Herstermann
263	Ingvar Jensen
264	Konstanze Ullmer
265	Jörg Gillner
266	Sabine Hahn
267	Marianne Bernhardt
268	Stefan Conradi
269	Torben Liebrecht
270	Rene Spiegelberger
271	Doris Jahn
272	Susan Jarling
273	André Marx
274	Annemarie Marks-Rocke
275	Gerda Gmelin
276	Susanne Beck
277	Frank Felicetti
278	Uwe Friedrichsen
279	Victoria Voncampe
280	Georg Tryphon
281	Andreas Martens
282	Dietmar Mues
283	Hella von der Osten-Sacken
284	Moritz Gentsch
285	Wolf-Dietrich Berg
286	Joyceline Schmidt
287	Katja Stichel
288	Judy Winter
289	"Fettes Brot"
290	Peter Schubert
291	Petra Ehlers
292	Ben Nevis
293	Kristina von Weltzien
294	Maria Fuchs
295	Wolfgang Noack
296	Martin Lohmann
297	Richard Ems
298	Gregor Reisch
299	Anne Moll
300	Carlos Goiach
301	Lennardt Krüger
302	Lothar Behrendt
303	Martin Vandreier
304	Björn Warns
305	Boris Lauterbach
306	Alida Gundlach
307	Niko Minninger
308	Harvey Draeger
309	Sven Stricker
310	Jens Herrndorff
311	Elke Reissert
312	Gerhart Hinze
313	Gustav-Adolph Artz
314	Ozanan Rocha
315	Antonio Luz
316	Balduin Baas
317	Elisabeth Volkmann
318	Henning Schlüter
319	Monty Arnold
320	Corny Littmann
321	Werner Pohlenz
322	Erich Krieg
323	Rudolf H. Herget
324	Peter Groß
325	Roland Becker
326	Alexandra Doerk
327	Klaus Dittmann
328	Carola Lange
329	Johann Schibli
330	Daniel Kruth
331	Ingrid Weiß
332	Wolfgang Hartmann
333	Katharina Fischer
334	Katrin Wasow
335	Lutz Lukasz
336	Marcel Rinkenauer
337	Kathi Robens
338	Christina Holsten
339	Hanna Reisch
340	Nils Noller
341	Julia von Spieß
342	Sascha Gutzeit
343	Manfred Reddemann
344	Marco Kröger
345	Gerhard Marcel
346	Uli Pleßmann
347	Reent Reins
348	Regine Lamster
349	Till Demtrøder
350	Barbara Schipper
351	Tobias Schmidt
352	Hubertus Borck
353	Rasmus Borowski
354	Anja Topf
355	Marius Berthold
356	Jocelyne Boisseau
357	Jacky Nonnon
358	Soňa Červená
359	Ute Rohrbeck
360	Philip Hoier
361	Wolf Frass
362	Helmut Gentsch
363	Marius Kreissler
364	Regina Lemnitz
365	Brigitte Böttrich
366	Daniel Eggers
367	Anna Carlsson
368	Wilhelm Hornbostel
369	Roswitha Benda
370	Thomas Bug
371	Ines Sawatzki
372	Andrea Lange
373	Stefan Rüter
374	Erik Schäffler
375	Uli Krohm
376	Oliver Böttcher
377	Winfried Glatzeder
378	Corinna Wodrich
379	Bastian Pastewka
380	Amanda Lear
381	Woody Mues
382	Apollonia Jepsen
383	Wolfgang Condrus
384	Dorette Hugo
385	Thomas Bammer
386	Siegfried W. Kernen
387	Jan Buchwald
388	Thomas Fritsch
389	Ernst H. Hilbich
390	Lotti Krekel
391	Elga Schütz
392	Stefan Babic
393	Regina Pressler
394	Barbara Marcks
395	Nadja Reichardt
396	Celine Fontanges
397	Enie van de Meiklokjes
398	Marcus Kaiser
399	Kim Frank
400	Manuela Dahm
401	Robert Missler
402	Echt
403	Rolf Nagel
404	Dr. Boo Young-Shin
405	Yan Kimsang
406	Prof. Dr. Zhu
407	Ingo Feder
408	Claus Wilcke
409	Marco Sonnleitner
410	Ilja Richter
411	Martin Meyer
412	Theresa Underberg
413	Saskia Weckler
414	Jan-David Rönfeldt
415	Traudel Sperber
416	Kai Henrik Möller
417	Karl-Friedrich Gerster
418	Thor W. Müller
419	Susanna Leu
420	Kristian Kretschmer
421	Ulrike Johannson
422	Linde Fulda
423	Kai Böger
424	Andreas Mattau
425	Michaela Boland
426	Stephanie Damare
427	Christian Rudolf
428	Georg Marquard
429	Wolfgang Wagner
430	Johannes Rothenstein
431	Christian Niehues
432	Nobi Schatka
433	Dennis Jensen
434	Madeleine Weingart
435	Thomas Karallus
436	Hannelore Wüst
437	Ignacio Descalzo
438	Isabel Navarro
439	Rica Blunck
440	Peter Weis
441	Victoria Trauttmansdorff
442	Stephan Benson
443	Sophie Lechtenbrink
444	Bertram Hiese
445	Bernd Stephan
446	Arndt Schmöle
447	Daniel Brühl
448	Chiara Ferraú
449	Aaron Lee Ullmer
450	Harry Rowohlt
451	Detlef Bierstedt
452	Marion Klaus
453	Barbara Benuel
454	Marion Martienzen
455	Lutz Herkenrath
456	Mario Grete
457	Sabine Falkenberg
458	Hermann Otto
459	Jürgen Holdorf
460	Heinz Lieven
461	Marco Sand
462	Ilka Kirsch
463	Alexander Müller
464	Hendrik Buchna
465	Konstantin Graudus
466	Eduardo Garcia
467	Dietrich Adam
468	Doris Kunstmann
469	Dirk Eichhorn
470	Wanja Mues
471	Patrick Bach
472	Ivar Leon Menger
473	Joachim Kerzel
474	Roman Kretschmer
475	Holger Löwenberg
476	Bernd Klose
477	Tim Wenderoth
478	Yona Franke
479	Moritz von Fulmenstöcker
480	Günter Lüdke
481	Wolfgang Berger
482	Sabine Schmidt-Kirchner
483	Jennie Appel
484	Martina Regenhardt
485	Dirk Bach
486	Marion Elskis
487	Robin Brosch
488	Michael Weckler
489	Markus Winter
490	Jürgen Kluckert
491	Jelko von Tiele-Winckler
492	Klaus Herm
493	Nana Spier
494	Rainer Brandt
495	Susanne Sternberg
496	Kerstin Hilbig
497	Ingeborg Christiansen
498	Olaf Kreutzenbeck
499	Astrid Vollenbruch
500	Nick Seidensticker
501	Jürgen Strube
502	Thorsten Weber
503	Herbert Tennigkeit
504	Tina Rehfeld-Wildmann
505	Jörg Pleva
506	Lou Wong
507	Ben Hecker
508	Anton Sprick
509	Peter Heinrich Brix
510	Frank Thannhäuser
511	Jannik Endemann
512	Marlen Diekhoff
513	Holger Wemhoff
514	Nova Meierhenrich
515	Nick Heidfeld
516	Wolf Pahlke
517	Sven Dahlem
518	Tim Knauer
519	Joachim Regelien
520	Marek Erhardt
521	Jesse Grimm
522	Anja Nejarri
523	Abdul Kader-Diab
524	Fathi Farnazmatis
525	Farhat Al Yhi
526	Susanne Stangl
527	Edgar Hoppe
528	Sönke Städtler
529	Sascha Rotermund
530	Wilfried Hochholdinger
531	Henrike Fehrs
532	Carin Abicht
533	Susanne Lothar
534	Katharina von Keller
535	Rhea Harder-Vennewald
536	Karin Buchholz
537	Sky du Mont
538	Lukas T. Sperber
539	Inken Sommer
540	Dae Joon Yoo
541	Wolfgang Pampel
542	Peter Striebeck
543	Rosemarie Wohlbauer
544	Christine Pappert
545	Jochen Baumert
546	Michael Brennicke
547	Tetje Mierendorf
548	Gerhard Olschewski
549	Burghart Klaußner
550	Simona Pahl
551	René Dawn-Claude
552	Tim Kreuer
553	Lili Draeger
554	Christian Senger
555	Annabelle Krieg
556	Daniel Welbat
557	Hilla Fitzen
558	Wolfgang Riehm
559	Tobias Meister
560	Maud Ackermann
561	Udo Schenk
562	Luise Helm
563	Gerrit Schmidt-Foß
564	Isabella Grothe
565	Katinka Körting
566	Jacqueline Meybauer
567	Laurence Kalaidjian
568	Natalie Demtrøder
569	Valerie Demtrøder
570	Andreas Otto
571	Kari Erlhoff
572	Elena Wilms
573	Meik Spallek
574	Andrea Lienau
575	Urs Affolter
576	Jamie Leaves
577	Glenn Goltz
578	Oliver Geilhardt
579	Dennis Schmidt-Foß
580	Ivo Möller
581	Joachim Pukaß
582	Martin Semmelrogge
583	Wilfried Dziallas
584	Jasmin Wagner
585	Philipp Baltus
586	Jens Wendland
587	Marion von Stengel
588	Volker Hanisch
589	Alexandra Garcia
590	Christian Concilio
591	Holger Umbreit
592	Lauscherlounge-Zuschauer (www.dreifragezeichen.de/www/menge-brainwash)
593	Mathias Münster
594	Philipp Draeger
595	Jacob Mayerhoff
596	Ingo Nommsen
597	Dieter Dücker
598	Saskia Mayerhoff
599	Santiago Ziesmer
600	Stefan Kaminski
601	Tommaso Cacciapuoti
602	Birke Bruck
603	Dagmar Dreke
604	Claudia Stocksieker
605	Alma Clausen
606	Mike Olsowski
607	Peter Bänker
608	Krystian Martinek
609	Mara Bergmann
610	Tim Grobe
611	Verena Wolfien
612	Ulrike Knief
613	Maria Willer
614	Martin May
615	Friedel Bott
616	Luise Lunow
617	Julia Fölster
618	Andreas Schmidt-Schaller
619	Kostja Ullmann
620	Stephan Schad
621	Natalie O'Hara
622	Oliver Kalkofe
623	Bernhard Hoëcker
624	Anna Thalbach
625	Manuela Becker
626	Angela Stresemann
627	Olli Dittrich
628	Harald Dietl
629	Robert Kotulla
630	Rosakutty Hemsing
631	Dustin Semmelrogge
632	Stefan Gabriel
633	Marek Harloff
634	Tilo Schmitz
635	Stephan Schwartz
636	Wolfgang Rositzka
637	Joachim Kappl
638	Marcus Schönhoff
639	Jannik Schümann
640	Eric Förster
641	Matthias Treder
642	Elisa Linnemann
643	Christopher Arndt
644	Johann Gutjahr
645	Ulrich Potofski
646	Frank Wintjen
647	Joachim Lautenbach
648	Doris Maria Kaiser
649	Manuela Eifrig
650	Julia Hummer
651	Till Huster
652	Heidi Berndt
653	Gisela Fritsch
654	Rainer Fritzsche
655	Undine Ullmer
656	Patrick Elias
657	Neil Malik Abdullah
658	Melanie Pukaß
659	Guido Bernadotte
660	Rasmus Rakete
661	Patrick Perales
662	Roy Martens
663	Ulrike Stürzbecher
664	Claus Fuchs
665	Christoph Dittert
666	Tanja Geke
667	Monika Freisfeld-Pampel
668	Guido A. Schick
669	Bruno F. Apitz
670	Karin Eckhold
671	Ela Nitzsche
672	Gordon Piedesack
673	Erkki Hopf
674	Wolfram Damerius
675	Frank Boldewin
676	Carsten Kausse
677	Monika John
678	Carolin Fortenbacher
679	Birte Kretschmer
680	Angela Roy
681	Robert Steudtner
682	Mogens von Gadow
683	Stefan Brentle
684	Charles Rettinghaus
685	Ursula Heyer
686	Merete Brettschneider
687	Henning Karge
688	Caroline Kiesewetter
689	Nicholas Müller
690	Sascha Eigner
691	Nicolá Melissian
692	Hedy Haase
693	Andreas Becker
694	Tim Helssen
695	Kassandra Ullmer
696	Dorothea Lott
697	Marco Spina
698	Maria Baptista
699	Pat Murphy
700	Simone Ritscher
701	Jan-Christof Kick
702	Lilian Körting
703	Harald Halgardt
704	Gela del Este
705	Alexander Stamm
706	Toru Takahashi
707	Sandra Quadflieg
708	Kornelia Lüdorff
709	Iris Rufner
710	Daniel Kirchberger
711	Aranka Jaenke-Mamero
712	Christine Jensen
713	Mario Ramos
714	Romanus Fuhrmann
715	Hans Kahlert
716	Martin Brücker
717	Karen Suender
718	Soi Anifantis
719	Wolfram Grandezka
720	Klaus Krückemeyer
721	Beate Rysopp
722	Franzisko Löwe
723	Maike Nagel
724	Leonie Landa
725	Die Gäste der Record-Release-Party am 14.01.2015 in Berlin. (Wir danken euch für's Mitmachen!)
726	Dorothee Sturz
727	Maureen Havlena
728	Tina Eschmann
729	Die Gäste der Record-Release-Party am 22.02.2015 in Dortmund. (Wir danken euch für's Mitmachen!)
730	Neda Rahmanian
731	Olaf Reichmann
732	Catrin Owerfeldt
733	Martin Paas
734	Heiko Wohlgemuth
735	Alexander Mettin
736	Tom Pidde
737	Stefan Weißenburger
738	Joachim Langer
739	Johannes Semm
740	Topsy Küppers
741	Patrick Mölleken
742	Rüdiger Hellmann
743	Dorothea Hagena
744	Tobias Diakow
745	Jonas Hartmann
746	Norma Draeger
747	Hugo Richert
748	Louis Körting
749	Henrik Bichels
750	Christoph Meyer
751	Elea Richert
752	Pia Werfel
753	Anton Pleva
754	Dagmar Berghoff
755	Joachim Kretzer
756	Maria Hartmann
757	Timo Alexander Wenzel
758	Die Gäste der Record-Release-Party am 08.05.2016 in Hasselburg. (Wir danken euch für's Mitmachen!)
759	Linda Fölster
760	Hans-Joachim Dethlof
761	Jacob Weigert
762	Flemming Draeger
763	Lilli Körting
764	Sabrina Heuer-Diakow
765	Christiane Leuchtmann
766	Sascha Oliver Bauer
767	Lucia-Angelina Mahler
768	Uschi Hugo
769	Theresa Berlage
770	Hans Peter Korff
771	Herma Koehn
772	Roswitha Völz
773	Günther Karl
774	Sonja Stein
775	André Gatzke
776	Malon Stahlhuth
777	Axel Milberg
778	Frank Gustavus
779	Peter Heeckt
780	Sarah Madeleine Tusk
781	Bent Schönemann
782	Nina Minninger
783	Marine Endemann
784	Zelda Jahreis
785	Kjell Wenzel
786	Florian Herkenrath
787	Nikolas Tantsoukes
788	Timo Hempel
789	Mitsue Kono
790	Christine Wilhelmi
791	Frank Richartz
792	Matti Schmidt-Schaller
793	Achim Buch
794	Marion Gretchen Schmitz
795	Werner Wilkening
796	Tommi Piper
797	Hanns Jörg Krumpholz
798	Antje Birnbaum
799	Tim Heuer
800	Andreja Schneider
801	Jörgpeter Ahlers
802	Clarissa Börner
803	Harald Weiler
804	Christopher Hoseit
805	Michael Prelle
806	Daniela Hoffmann
807	Ingo Menowski
808	Riko Tauber
809	Alice Krimmel
810	A. Stengelin
811	Linus Tauber
812	Katinka Jaekel
813	Detlef Tams
814	Victoria Zöller
815	Daniel Schütter
816	Peter Bayer
817	Frank Roder
818	Andreas Birnbaum
819	Constantin Stahlberg
820	Julian Greis
821	Stefan Exner
822	Johannes Korff
823	Marcel Saibert
824	Peter Flechtner
825	Matthias Krauße
826	Malin Steffen
827	Julian Horeyseck
828	Kai Mertens
829	Vivian Brünner
830	Nicola Schäffler
831	Mia Diekow
832	Michael Deffert
833	Carla Becker
834	Carlo von Tiedemann
835	Hubertus Meyer-Burckhardt
836	Till Hagen
837	Peter Franke
838	Sonny Pathak
839	Wolfgang Häntsch
840	Helge Halvé
841	Christian Brückner
842	Angelika Bartsch
843	Victoria Fleer
844	Kai Schwind
845	Pierre Brand
846	Jürgen Uter
847	Lilith Gebauer
848	Angela Quast
849	John Beckmann
850	Markus Schäfer
851	Peter G. Dirmeier
852	Katrin Decker
853	Gertie Honeck
854	Roman Rossa
855	Mignon Remé
856	Lina Maria Millat
857	Sandra Keck
858	Alexander Merbeth
859	Peter Kaempfe
860	Daniela Ziegler
861	Armin Schlagwein
862	Melanie Kastaun
863	Matthias Keller
864	Andreas Zaron
865	André Beyer
866	Nicolás Klimsa
867	André Schünke
868	Wolf-Dietrich Sprenger
869	Uwe Lauschke
870	Steffen Groth
871	Paul Michaeli
872	Achim Funk
873	Thorsten Laussch
874	Hedi Kriegeskotte
875	Janis Zaurins
876	Lovis Harloff
877	Peter Bieringer
878	Sabine Kaack
879	Patrick Berg
880	Caroline Peters
881	Albrecht Ganskopf
882	Verena Frost
883	Jana Catharina Schmidt
884	Hannes Hellmann
885	Torsten Münchow
886	Sandra Schwittau
887	Malte Janßen
888	Max König
889	Eva Monar
890	Carolyn Walsh
891	Hans-Jürgen Mende
892	Jan Langer
893	Vadim Goldfeld
894	Karsten Haase
895	Petra Kleinert
896	Joshua Rudolf Goralsky
897	Philipp Stumpp
898	Tony Curting
899	Patrick Baehr
900	Harald Effenberg
901	Reinhold Kammerer
902	Andrea Lüdke
903	Scarlet Cavadenti Lubowski
904	Lars Schmidtke
905	Jens Böttcher
906	Marc Zabinski
907	Katy Karrenbauer
908	Britta Steffenhagen
909	Sebastian König
910	Marco Steeger
911	Nicolas Böll
912	Saskia Haisch
913	Suzanne von Borsody
914	Svantje Wascher
915	John Wesley Zielmann
916	Tim Mälzer
917	Angelika Berg
918	Merle Tucholka
919	Nic Romm
920	Alexandra Wilcke
921	York Asche
922	Clara Körting
923	Stefan Zinkgraf
924	Irmgard Knef
925	Dietmar Horcicka
926	Anneke Schwabe
927	Michael Baute
928	Christoph Landwehr
929	Thomas Cronauge
930	David J. Becher
931	Ulf Blanck
932	Boris Pfeiffer
933	Johannes Steck
934	Yoshij Grimm
935	David Wittmann
936	Ingrid Capelle
937	Tanja Dose
938	Marisa Calcagno
939	Andreas Ersson
940	Wolfgang Kühne
941	Michael Habeck
942	Isabel García
943	Clemens Gerhard
944	Tilman Borck
945	Smudo
946	Nina Hagen
947	Jochen Piel
948	Guido Zimmermann
949	Ruth Rockenschaub
950	Peter Jordan
951	Michael Krüger
952	Lia Pahl
953	Stefan Mitrenga
954	Mirko Thiele
955	Irmgard Jedamzik
956	Tammo Kaulbarsch
957	Joscha Fischer-Antze
958	Ole Jacobsen
959	Nadine Schreier
960	Ron Matz
961	Timon Hoffmann
962	Heiko Lange
963	Klaus Nietz
964	Martin Sailer
965	Rudolf Danielewicz
966	Wolf-Joshua Peters
967	Aranka Mamero-Jaenke
968	Caspar Besch
969	Dorothea Anna Hagena
970	Julia Casper
971	Mary Muhsal
972	Simon Lardon
973	Ann Marie Blanck
974	John Ment
975	Uta Dänekamp
976	Ansgar Döbertin
977	Kristine Ehlers
978	Christian Melchert
979	Frank Jordan
980	Andreas Torwesten
981	Christina Puciata
982	Konrad Halver
983	Ines Rudolph-Bräuer
984	Kai Bronisch
985	Tobias Brecklinghaus
986	Karin M. Schneider
987	Hans-Georg Körbel
988	Matthias Henkel
989	Christian Deutsch
990	Jennifer Böttcher
991	Jörg Schuler
992	Djuwita Müller
993	Michael Sporer
994	Stephan Rau
995	Dirk Hardegen
996	Peter Brück
997	Malcolm Andreasson
998	Dirk Herold
999	Mathias Bauer
1000	Oliver Schmitz
1001	Christian Jungwirth
1002	Maximilian Krings
1003	Christoph Jablonka
1004	Mareike Fell
1005	Holger Fuchs
1006	Martin Schäfer
1007	Bodo Henkel
1008	Ingo Albrecht
1009	Mario Hassert
1010	Florian Walter
1011	Robert Glatzeder
1012	Klaus Hoser
1013	Raimund Krone
1014	Sabine König
1015	Thomas Arnold
1016	Christian Blecken
1017	Oliver Krietsch-Matzura
1018	Abelardo Decamilli
1019	Tom Steinbrecher
1020	Stefan Müller-Ruppert
1021	Stephan Baumecker
1022	Lutz Riedel
1023	Margot Rothweiler
1024	Bert Stevens
1025	Marco Sven Reinbold
1026	K. Dieter Klebsch
1027	Raphael Wilczek
1028	Michael Siller
1029	Markus Sulzbacher
1030	Erich Räuker
1031	Tom Raczko
1032	Stefan Barth
1033	Daniel Montoya
1034	Raúl Semmler
1035	Crock Krumbiegel
1036	Steffen Lehmann
1037	Lara Trautmann
1038	Ralf Spengler
1039	Carmen Molinar
1040	Christian Reimer
1041	Thomas Zieler
1042	Irina von Bentheim
1043	Steffen Quasebarth
1044	Hendrik Riehemann
1045	José Rodriguez Melgarejo
1046	Michael Seeboth
1047	Barbara Scheck
1048	Thomas Erich Killinger
1049	Isaak Dentler
1050	Sven Riemann
1051	Christoph Stelzner
1052	Michael-Che Koch
1053	Felix Würgler
1054	Florian Seigerschmidt
1055	Richard Heinrich
1056	Hubert Burczek
1057	Goetz Bielefeldt
1058	Christopher Karatsonyi
1059	Rolf Berg
1060	Claudia Urbschat-Mingues
1061	Jeffrey Wipprecht
1062	Ernst Walter Siemon
1063	Sven Philipp
1064	BJ
1065	Petra Konradi
1066	Tom Solo
1067	Linus Kraus
1068	Denise Monteiro
1069	Johann Jürgens
1070	Thomas Dehler
1071	Ingo Abel
1072	Jürgen Heimüller
1073	Astrid Schulz
1074	Florian Wein
1075	Katherina Wolter
1076	Fabian Monasterios
1077	Ilka Teichmüller
1078	Stefan Bergel
1079	Thorsten Kai Botenbender
1080	Ludger Vortmann
1081	Robert Frank
1082	Karen Schulz-Vobach
1083	Bert Franzke
1084	Bernhard Bettermann
1085	Brian Sommer
1086	Sven Gerhardt
1087	Ben Steinhoff
1088	Gerrit Stratmann
1089	Daniel Alexander
1090	Thomas Stecher
1091	Achim Barrenstein
1092	Elmar Gutmann
1093	Irmelin Krause-Latarius
1094	Ernst Meincke
1095	Lentje Ehlers
1096	Lolle Ehlers
1097	Josef Vossenkuhl
1098	Hendrik Martz
1099	Claudio Pagonis
1100	Roland Geiger
1101	Charlotte Puder
1102	Milton Welsh
1103	Michael Baral
1104	Hans-Eckart Eckhardt
1105	Silke Haupt
1106	Tim Moeseritz
1107	Otto Strecker
1108	Rainer Gerlach
1109	Eva Michaelis
1110	Sven Brieger
1111	Karim Khawatmi
1112	Jana Kozewa
1113	Tina Haseney
1114	Eva Thärichen
1115	Martin Gleitze
1116	Jörn Linnenbröker
1117	Anke Reitzenstein
1118	Shalin Rogall
1119	Jochen Drechsler
1120	Thomas Nero Wolff
1121	Patrick Winczewski
1122	Sebastian Führ
1123	Steffen Henssler
1124	Lars Cording
1125	Detlef Bruns
1126	Daniela Thuar
1127	Eva-Maria Kurz
1128	Marko Bräutigam
1129	Frank Kessler
1130	Moritz Lindbergh
1131	Daniel Sellier
1132	François Smesny
1133	Frank Röth
1134	Gilles Karolyi
1135	Moira May
1136	Helene Blanck
1137	Martin Keßler
1138	Peter Nottmeier
1139	Karin Grüger
1140	Cathlen Gawlich
1141	Gregor Höppner
1142	Sebastian Walch
1143	Lisa Maria Mino
1144	Thomas Güthaus
1145	Markus Krane
1146	Tanja Lipinski
1147	Dennis Herrmann
1148	Frank Ramond
1149	Anja Welzel
1150	Anni Salander
1151	Manfred Lehmann
1152	Christine Schaller
1153	Stéphane Bittoun
1154	Urs Rechn
1155	Tobias Lelle
1156	Marius Clarén
1157	Angela Döbertin
1158	Lisa Marie Becker
1159	Oliver Stritzel
1160	Bernd Egger
1161	Engelbert von Nordhausen
1162	Hannes Wegener
1163	Magdalena Montasser
1164	Viola Müller
1165	Mathias Kunze
1166	Robert Moeck
1167	Matthias Scherwenikas
1168	Stefan Naas
1169	Bo Ersson
1170	Daniel Kröhnert
1171	Florian Clyde
1172	Bettina von Nordhausen
1173	Derya Flechtner
1174	Dennis Gunske
1175	Beate Gerlach
1176	Samuel Zekarias
1177	Rubina Nath
1178	Tom Vogt
1179	Hanna Schulz
1180	Lea Kalbhenn
1181	Yesim Meisheit
1182	Florian Merländer
1183	Thomas Wolff
1184	Sabine Lorenz
1185	Markus Manig
1186	Andreas Hofer
1187	Arlett Drexler
1188	Alexander Ziegenbein
1189	Max Urlacher
1190	Bastian von Bömches
1191	Merle Wasmuth
1192	Cornelia Waibel
1193	Dirc Simpson
1194	Thomas Fedrowitz
1195	David M. Schulze
1196	Ulrike Hübschmann
1197	Simon Köslich
1198	Bineta Hansen
1199	Pascal Krell
1200	Bianca Krahl
1201	Stefanie Burkart
1202	Helmut Krauss
1203	Frauke Poolman
