nummer; titel; klappentext; veroeffentlichungsdatum; titelLang; sprecher
[1; 'und der Super-Papagei'; 'Der neueste Auftrag an die drei Detektive hört sich recht harmlos an: sie sollen einen entflogenen Papagei suchen. Doch kaum beginnen sie mit ihren Nachforschungen; da scheinen sich plötzlich noch einige andere Leute sehr für diesen Papagei zu interessieren. Vielleicht deshalb; weil er lateinische Sprüche zitieren kann? Aber bald geht es nicht mehr nur um einen; sondern um sieben Papageien - und alle sieben führen höchst seltsame Reden. Ob da nicht eine geheime Botschaft hintersteckt? Jedenfalls sind auch ein jähzorniger Kunsthändler und ein berüchtigter Meisterdieb hinter den Vögeln her. Die drei ??? müssen sich ganz schön die hellen Köpfe zerbrechen; ehe sie auch diesen abenteuerlichen Fall aufklären und eine wohl verdiente Belohnung einheimsen...'; 'Die drei ???; Folge 1\nund der Super-Papagei'; 'Veröffentlichungsdatum: 12.10.1979'; 'Hitchcock; Erzähler - Peter Pasetti\nJustus Jonas; Erster Detektiv - Oliver Rohrbeck\nPeter Shaw; Zweiter Detektiv - Jens Wawrczeck\nBob Andrews; Recherchen und Archiv - Andreas Fröhlich\nMr. Fentriss; Schriftsteller - Richard Lauffen\nMr. Claudius; Kunsthändler - Gerlach Fiedler\nMrs. Claudius - Ingrid Andree\nMiss Waggoner - Katharina Brauren\nCarlos - Stefan Brönneke\nOnkel Ramos - Juan Perez [Karl-Ulrich Meves]\nHugenay - Albert Giro [Wolfgang Kubach]\nMorton - Andreas von der Meden']
[2; 'und der Phantomsee'; 'Welches Geheimnis verbirgt sich in einem vergilbten Brief und in den nach langer Zeit wieder aufgetauchten Aufzeichnungen des Seemanns Angus Gunn? Wurde tatsächlich in einer lange vergangenen Sturmnacht ein Piratenschatz von einem sinkenden Schiff gestohlen? Das mächten die drei Detektive Justus; Bob und Peter ebenfalls gerne wissen. Den Nachkommen von Gunn ist es bisher nicht gelunge; das Versteck des Schatzes ausfindig zu machen. Professor Shay; den diese Sache für seine Arbeit am Historischen Forschungsinstitut interessiert; hatte bislang auch kein Glück. Immer mehr Personen tauchen auf und machen sich verdächtig. Auch Java-Jim; ein undurchsichtiger Seemann; versucht den drei ??? zuvorzukommen. Und welche Rolle spielt Stebins; der wegen Unterschlagung im Gefängnis war und auf Bewährung frei ist? Der Professor vermutet; daß er und Java-Jim zusammenarbeiten. Aber am Ende sind die drei ??? allen eine Nasenlänge voraus: die vielen rätselhaften Hinweise führen sie zum Phantomsee und damit endlich zur Lösung.'; 'Die drei ???; Folge 2\nund der Phantomsee'; 'Veröffentlichungsdatum: 13.10.1979'; 'Hitchcock; Erzähler - Peter Pasetti\nJustus Jonas; Erster Detektiv - Oliver Rohrbeck\nPeter Shaw; Zweiter Detektiv - Jens Wawrczeck\nBob Andrews; Recherchen und Archiv - Andreas Fröhlich\nTante Mathilda - Karin Lieneweg\nPatrick Kenneth - Wolfgang Kubach\nJava-Jim - Heinz Überreiter [Gottfried Kramer]\nMrs. Flora Gunn - Veronika Weckler\nCluny Gunn - Fabian Harloff\nRory - Klaus-Peter Reisch [Peter Buchholz]\nStebins - Hans Meinhardt [Karl-Ulrich Meves]\nMr. Widner - Ernst von Klipstein\nVerwalter von Powder Gulch - Reiner Brönneke\nBibliothekarin - Katharina Brauren']
[3; 'und der Karpatenhund'; 'Bei mir spukt es! Mit diesem verzweifelten Ausruf von Mr. Prentice beginnt ein neues Abenteuer für die drei ???. Ein Abenteuer; das immer verwickelter wird und bei dem sogar der sonst so superschlaue Erste Detektiv; Justus Jonas; eine Zeitlang völlig im Dunkeln tappt. - Welche unheimliche Gestalt geht in der Wohnung von Mr. Prentice ein und aus und versetzt diesen in immer größere Ängste und Schrecken? Was ist die Quelle jener gespenstischen Lichtblitze in seinem Arbeitszimmer; sechs Meter über der Straße? Wer hat die wertvolle gläserne Skulptur des Karpatenhundes verschwinden lassen; und wer versucht; allen Mietern den Aufenthalt in dem großen Appartementhaus unmöglich zu machen? Die wenigen Spuren weisen in verschiedene Richtungen; und für unser Detektivtrio gilt es wieder einmal; eine harte Nuß zu knacken. Werden sie Licht in das Dunkel bringen?...'; 'Die drei ???; Folge 3\nund der Karpatenhund'; 'Veröffentlichungsdatum: 14.10.1979'; 'Hitchcock; Erzähler - Peter Pasetti\nJustus Jonas; Erster Detektiv - Oliver Rohrbeck\nPeter Shaw; Zweiter Detektiv - Jens Wawrczeck\nBob Andrews; Recherchen und Archiv - Andreas Fröhlich\nMr. Prentice - Hans Hessling\nNiedland - Gerlach Fiedler\nPfarrer - Ernst von Klipstein\nMrs. Boogle - Katharina Brauren\nSonny Elmquist - Philip Kunzmann [Gernot Endemann]\nMr. Murphy - Karl-Ulrich Meves\nMiss Chalmers - Pamela Punti\nMr. Hassel - Rolf Hundertwasser\nPolizist - Rolf Mamero']
[4;;;;;]
[5; 'und der Fluch des Rubins'; 'Alfred Hitchcock und die drei Detektive (Firmenzeichen ???) haben es hier mit einem seltsamen Vermächtnis zu tun: Onkel Horatio hat seinem Neffen etwas Wertvolles hinterlassen - aber was? Und vor allem wo? Die jungen Kriminalisten Justus; Peter und Bob sehen sich hier mit viel zu vielen Gipsköpfen; geheimnisvollen Herren und dem Wort August in mindestens fünf Bedeutungen konfrontiert. Werden Justus und seine Freunde mit diesem Fall nicht überfordert?'; 'Die drei ???; Folge 5\nund der Fluch des Rubins'; 'Veröffentlichungsdatum: 16.10.1979'; 'Hitchcock; Erzähler - Peter Pasetti\nJustus Jonas; Erster Detektiv - Oliver Rohrbeck\nPeter Shaw; Zweiter Detektiv - Jens Wawrczeck\nBob Andrews; Recherchen und Archiv - Andreas Fröhlich\nAugust August; genannt Gus - Stephan Chreszinski\nTante Mathilda Jonas - Karin Lieneweg\nMr. Dwiggins - Joachim Wolff\nMr. Rhandur - Gottfried Kramer\nJoe - Peter Buchholz\nLisa - Madeleine Stolze\nMutter - Renate Pichler\nPatrick Kenneth - Wolfgang Kubach\nBauarbeiter - Gernot Endemann']
[6; 'und der sprechende Totenkopf'; 'Bob und Peter halten von Anfang an nicht viel davon; daß ihr Freund Justus auf einer Versteigerung ausgerechnet einen uralten Koffer mit unbekanntem Inhalt ersteigern will. Hätten sie geahnt; welch gefährliche Verwicklungen sich aus dem Besitz des Koffers ergeben würden - sie hätten noch weit heftiger protestiert! Nicht genug damit; daß er neben den Kleidern und Utensilien eines Zauberkünstlers einen Totenkopf enthält: der merkwürdige Schädel kann auch noch sprechen! Ziemlicher Schock für die drei Detektive; die keinesfalls an Spuk glauben. Und kaum beginnen sie; dieses Geheimnis zu ergründen; da ist schon eine ganze Bande Dunkelmänner hinter ihnen und dem Koffer her. Die rätselhaften Sprüche des Totenkopfes führen die drei ??? zu einer wahrsagenden Zigeunerin; auf die Spur des verschollenen Zauberkünstlers und eines unaufgeklärten Bankraubes. Doch als sie den letzten Hinweis zur Lösung des Falles in Händen halten; scheint alles schiefzugehen...'; 'Die drei ???; Folge 6\nund der sprechende Totenkopf'; 'Veröffentlichungsdatum: 17.10.1979'; 'Hitchcock; Erzähler - Peter Pasetti\nJustus Jonas; Erster Detektiv - Oliver Rohrbeck\nPeter Shaw; Zweiter Detektiv - Jens Wawrczeck\nBob Andrews; Recherchen und Archiv - Andreas Fröhlich\nTante Mathilda Jonas - Karin Lieneweg\nPatrick Kenneth - Wolfgang Kubach\nGulliver - Joachim Wolff\nMr. Maximillian - Richard Lauffen\nHauptkommissar Reynolds - Horst Frank\nMrs. Miller - Marianne Wolters [Marianne Kehlau]\nMr. Grant - Hans Meinhardt [Lothar Grützner]\nAuktionator - Gerlach Fiedler\nFred Brown - Peter Buchholz\nHauswirt - Reiner Brönneke\nMann - Karl-Ulrich Meves']
[7; 'und der unheimliche Drache'; 'Ein paar entlaufene Hunde zu suchen - naja; das ist normalerweise kein besonders verlockender Auftrag für drei clevere Detektive. Doch kaum beginnen Justus; Bob und Peter mit der Suche; da erzählt ihnen der Hundebesitzer; Mr. Allen; von einem Seeungeheuer; das er an der Küste gesichtet haben will. Wie bitte - Seeungeheuer? Doch Mr. Allen hat nicht gescherzt. Die ??? stoßen bei ihren Nachforschungen nicht nur auf einen anscheinend leibhaftigen Drachen; der unheimlich hustet; sondern auch ein mysteriöses Höhlenlabyrinth; auf verschiebbare Felswände; bewaffnete Froschmänner und manch andere Merkwürdigkeiten. Wem gehört zum Beispiel die unheimliche Stimme am Telefon? Und was ist dieser Mr. Shelby für ein Mensch? Er nennt sich Spezialist für Tricks und Späße aller Art - aber bald stellt sich heraus; daß man auch mit Tricks und Späßen entschieden zu weit gehen kann...'; 'Die drei ???; Folge 7\nund der unheimliche Drache'; 'Veröffentlichungsdatum: 31.10.1979'; 'Hitchcock; Erzähler - Peter Pasetti\nJustus Jonas; Erster Detektiv - Oliver Rohrbeck\nPeter Shaw; Zweiter Detektiv - Jens Wawrczeck\nBob Andrews; Recherchen und Archiv - Andreas Fröhlich\nH. H. Allen - Werner Cartano\nMr. Shelby - Richard Lauffen\nMr. Carter - F. J. Steffens\nJack Morgan - Klaus Klein [Wolfgang Kubach]\nHarry Morgan - Reiner Brönneke\nTelephonistin - Reinhild Schneider']
[8; 'und der grüne Geist'; 'Merkwürdig; daß an diesem Abend anscheinend nicht nur Bob und Peter zufällig das Haus des längst verstorbenen Mathias Green besichtigen; das abgerissen werden soll. Mehr als merkwürdig; nämlich höchst gruselig; wenn dann plötzlich ein grün schimmernder Geist erscheint; was außer den beiden immerhin sechs ausgewachsene Männer (oder waren es sieben?) bezeugen können. Justus dagegen findet den Bericht seiner Freunde weder sehr merkwürdig noch sehr gruselig; sondern sehr verdächtig - und schon bald stecken die drei ??? in den Ermittlungen zu einem neuen Fall. Bald stellt sich heraus; dass irgend jemand hinter einer wertvollen Perlenkette her ist; die in dem Abbruchhaus gefunden wurde. Sie ist dem Unbekannten sogar eine Entführung wert; wie Bob; Peter und ein neuer Freund am eigenen Leibe zu spüren bekommen. Doch Justus wäre nicht Justus; käme ihm nicht gerade rechtzeitig die rettende Erleuchtung...'; 'Die drei ???; Folge 8\nund der grüne Geist'; 'Veröffentlichungsdatum: 01.11.1979'; 'Hitchcock; Erzähler - Peter Pasetti\nJustus Jonas; Erster Detektiv - Oliver Rohrbeck\nPeter Shaw; Zweiter Detektiv - Jens Wawrczeck\nBob Andrews; Recherchen und Archiv - Andreas Fröhlich\nChang - Torsten Sense\nPatrick Kenneth - Wolfgang Kubach\nMiss Lydia Green - Marianne Kehlau\nHarold Carlson - Alexander Stubbe [Peter Kirchberger]\nHauptkommissar Reynolds - Horst Frank\nJensen - Rolf Mamero\nWon - Victor Bernard [Ernst von Klipstein]\nWongs Diener - Karl-Ulrich Meves\nLi - Renate Pichler\nMänner bei Greens Haus - Reiner Brönneke; Gernot Endemann\nPolizist - Peter Buchholz']
[9; 'und die rätselhaften Bilder'; 'Allzu viel ist es ja nicht; was der alte Maler Joshua Cameron hinterlassen hat - und obendrein blieb er die Miete schuldig! Aber ein merkwürdiger Kauz muß er gewesen sein: zeigen doch die 20 numerierten Ölbilder aus seinem Nachlaß alle dasselbe Motiv; nämlich sein Wohnhaus. Dies und die Tatsache; daß sich nicht nur eine Gräfin und ihr Verwalter; sondern auch mehrere Unbekannte und ein Kunsthändler auffällig für die Bilder interessieren; bringen die drei ??? auf den Plan. Sind die Gemälde vielleicht doch nicht ganz so wertlos? Vielleicht besteht da auch irgendein Zusammenhang mit den wirren Worten; die Cameron vor seinem Tod im Fieber gestammelt hatte... Während Justus; Peter und Bob ermitteln; versucht ihr alter Rivale Skinny Norris; ihnen Steine in den Weg zu legen. Das wird am Ende für ihn selbst gefährlich. Nur gut; daß Justus rechtzeitig eine Erleuchtung kommt!'; 'Die drei ???; Folge 9\nund die rätselhaften Bilder'; 'Veröffentlichungsdatum: 02.11.1979'; 'Hitchcock; Erzähler - Peter Pasetti\nJustus Jonas; Erster Detektiv - Oliver Rohrbeck\nPeter Shaw; Zweiter Detektiv - Jens Wawrczeck\nBob Andrews; Recherchen und Archiv - Andreas Fröhlich\nOnkel Titus Jonas - Hans Meinhardt\nTante Mathilda Jonas - Karin Lieneweg\nProfessor Carswell - Theodor Anzinger\nHal Carswell - Oliver Mink\nGräfin - Henriette Bischoff [Gisela Trowe]\nArmand Marechal - Joachim Wolff\nDe Groot - René Genesis\nSkinny Norris - Andreas von der Meden\nMaxwell James - Werner Cartano\nHauptkommissar Reynolds - Horst Frank']
[10;;;;;]
[11;;;;;]
[12; 'und der seltsame Wecker'; 'Es gibt Wecker; die klingeln; Wecker; die schnarren; Wecker; die Musik ertönen lassen oder einen mit Glöckchengeläut aus dem Schlaf holen. Einen Wecker aber; der einen furchterregend schrillen Schrei ausstößt; haben Justus; Bob und Peter noch nie erlebt. Und ein solches Unding haben sie soeben auf dem Schrottplatz aufgestöbert! Kein Wunder; daß diese seltsame Konstruktion die Neugier und die Phantasie der drei Detektive anstachelt: Wer hat einen solchen Wecker gebaut und warum? Als sie das herauszufinden versuchen; geraten sie unversehens auf die Spur eines raffinierten Kunstraubes. Doch ehe sie ihn aufklären können; gibt es manche harte Rätselnuß zu knacken...'; 'Die drei ???; Folge 12\nund der seltsame Wecker'; 'Veröffentlichungsdatum: 03.03.1980'; 'Hitchcock; Erzähler - Peter Pasetti\nJustus Jonas; Erster Detektiv - Oliver Rohrbeck\nPeter Shaw; Zweiter Detektiv - Jens Wawrczeck\nBob Andrews; Recherchen und Archiv - Andreas Fröhlich\nFelix - Karl-Ulrich Meves\nMrs. Smith - Maria Benders\nHarry - Marco Beddis\nMrs. King - Helga Bammert\nJulie Taylor - Renate Pichler\nMartha Harris - Marga Maasberg\nCarlos - Hans-Werner Kuhn [Günter Heising]\nGerald Cramer - Volker Brandt\nGerald Watson - Werner van Thiel [Werner Cartano]\nHugenay - Albert Giro [Wolfgang Kubach]\nHauptkommissar Reynolds - Horst Frank\nMr Jankins - Lothar Zibell']
[13; 'und der lachende Schatten'; 'Schatten pflegen normalerweise zu schweigen. Hier aber lacht ein Schatten - schrill und furchterregend! Doch nicht nur dieser höchst ungewöhnliche Schatten bereitet Justus; Bob und Peter Kopfzerbrechen. Auf dem Landsitz der alten Miss Sanchez scheinen auch sonst recht merkwürdige Dinge vorzugehen. Was hat es zum Beispiel mit dem Gerücht auf sich; daß ganz in der Nähe ein wertvoller Indianerschatz vergraben sein soll - an einem Ort; wo kein Mann ihn finden kann? Ehe die drei Jungen sich versehen; sind sie in einen ebenso gefährlichen; wie mysteriösen Fall verwickelt; denn der Indianerschatz existiert wirklich! Ein skrupelloser Gangster versucht ihn zu erbeuten und setzt dabei nicht nur das Leben von vier Indianerjungen aufs Spiel. Doch dank Justus\\ Scharfsinn und Mut und mit Hilfe der Polizei wird dem Mann das Handwerk gelegt. Am Ende gibt es zwar keinen lachenden Schatz mehr; dafür aber drei lachende Detektive; die wieder einmal einen Fall heil überstanden haben!'; 'Die drei ???; Folge 13\nund der lachende Schatten'; 'Veröffentlichungsdatum: 31.03.1980'; ' Hitchcock; Erzähler - Peter Pasetti\nJustus Jonas; Erster Detektiv - Oliver Rohrbeck\nPeter Shaw; Zweiter Detektiv - Jens Wawrczeck\nBob Andrews; Recherchen und Archiv - Andreas Fröhlich\nTante Mathilda Jonas - Karin Lieneweg\nMr. Harris - Günter Heising\nMiss Sanchez - Marlene Lindner [Ursula Vogel]\nTed Sanchez - Nikolas Körting\nSanders - Torsten Sense\nSkinny Norris - Andreas von der Meden\nNatches - Gernot Endermann\nHauptkommissar Reynolds - Horst Frank\nProf. Meeker - Josef Dahmen\nMorton - Andreas von der Meden\nPolizist - Joachim Wolff']
[14; 'und das Bergmonster'; 'Das neue Abenteuer; das Justus; Bob und Peter zu bestehen haben; fängt ganz harmlos an: mit der Suche nach einem Schlüssel. Doch bald schon häufen sich verdächtige Vorgänge. Warum hat Kathleen Hammond; die angeblich so geschäftstüchtig ist; solche Hemmungen; wenn sie eine Unterschrift leisten soll? Wozu baut ihr Mann hinter dem kleinen Gasthof für die wenigen Gäste ein so großes Schwimmbecken? Auf dem Berg hinter dem Haus entdecken die drei ??? geheimnisvolle Spuren von einem übergroßen Fußabdruck. Dann kommen sie dahinter; daß ein Gast des Hauses es anscheinend auf Kathleens Geld abgesehen hat. Aber trotz vieler Anhaltspunkte wollen die Ermittlungen diesmal nicht recht vorangehen. Buchstäblich in letzter Minute erst lösen sie das seltsame Geheimnis; das Kathleen bedroht; und decken hinter den düsteren Legenden um ein Bergmonster die Wahrheit auf.'; 'Die drei ???; Folge 14\nund das Bergmonster'; 'Veröffentlichungsdatum: 01.04.1980'; 'Hitchcock; Erzähler - Peter Pasetti\nJustus Jonas; Erster Detektiv - Oliver Rohrbeck\nPeter Shaw; Zweiter Detektiv - Jens Wawrczeck\nBob Andrews; Recherchen und Archiv - Andreas Fröhlich\nMr. Smathers - Josef Dahmen\nMr. Jensen - Wolf Rahtjen\nPatrick - Wolfgang Kubach\nKenneth - Lutz Mackensy\nKathleen - Brigitte Alexis\nMr. Joe Hammond - Volker Brandt\nMrs. Hammond - Hanni Vanhaiden\nRichardsen - Joachim Wolff\nPolizist - Horst Stark\nLieferant - F.-J. Steffens']
[15; 'und der rasende Löwe'; 'Zur Zeit langweilen sich Justus; Bob und Peter ziemlich. Doch im richtigen Moment verhilft ihnen Alfred Hitchcock zu einem interessanten Fall: Der sonst so sanfte Löwe George - Attraktion in Jim Halls Dschungelland; einem Tierpark für Touristen - ist in letzter Zeit so unruhig. Besonders nachts... Und nicht nur George; sondern auch ein Gorilla und sogar ein schwarzer Panther streifen hier plötzlich frei herum. Da kann einem schon etwas mulmig werden. Wer könnte Interesse daran haben; wilde Tiere aus ihren Käfigen zu lassen? Und warum sind Eisenstäbe aus der Trödelhandlung von Justus\\ Onkel auf einmal so gefragt? Was haben Diamanten mit der ganzen Geschichte zu tun? Außerdem müssen Justus; Bob und Peter noch so seltsame Typen wie Hank Murphy; Dobbsie und Olsen auf die Schliche kommen; und dabei geraten sie prompt in Lebensgefahr. Denn mit wilden Tieren und Diamantenschmugglern ist nicht zu spaßen...'; 'Die drei ???; Folge 15\nund der rasende Löwe'; 'Veröffentlichungsdatum: 02.04.1980'; 'Hitchcock; Erzähler - Peter Pasetti\nJustus Jonas; Erster Detektiv - Oliver Rohrbeck\nPeter Shaw; Zweiter Detektiv - Jens Wawrczeck\nBob Andrews; Recherchen und Archiv - Andreas Fröhlich\nTante Mathilda Jonas - Karin Lieneweg\nOnkel Titus Jonas - Hans Meinhardt\nMiß Larson - Reinhilt Schneider\nJim Hall - Horst Stark\nMike Hall - Mathias Lorenz\nEastland - Karl Walter Diess\nOlsen - Karl-Ulrich Meves\nHank Murphy - Harald Pages\nMorton - Andreas von der Meden\nDoc Dawson - Wolfgang Jürgen\nDobbsie - Joachim Wolff']
[16; 'und der Zauberspiegel'; 'Justus; Bob und Peter sind ja glücklicherweise schon allerlei gewohnt. Wenn also jemand erzählt; in einem riesigen; spanischen Spiegel; der Mrs. Darnley gehört; spuke es; und wenn dann nachts in Mrs. Darnleys Haus seltsame Geräusche zu hören sind; dann kriegt zumindest Justus weniger eine Gänsehaut; als vielmehr Lust; der Sache auf den Grund zu gehen. Kaum beginnen die drei ??? zu ermitteln; stoßen sie auch schon auf jede Menge Verdächtiges: Ein Spanier; der sich für den Spiegel interessiert; wird zusammengeschlagen; der Präsident des Staates Ruffino weiß Geheimnisvolles vom Spiegel und warnt vor einem gewissen Juan Gomez; politische lntrigen scheinen sich am Spiegel zu entzünden; - schließlich wird sogar ein Junge entführt! Und das alles wegen eines alten Spiegels? Sehr merkwürdig! Doch unsere drei cleveren Detektive werden die Wahrheit herausfinden - wetten?'; 'Die drei ???; Folge 16\nund der Zauberspiegel'; 'Veröffentlichungsdatum: 01.10.1980'; 'Hitchcock; Erzähler - Peter Pasetti\nJustus Jonas; Erster Detektiv - Oliver Rohrbeck\nPeter Shaw; Zweiter Detektiv - Jens Wawrczeck\nBob Andrews; Recherchen und Archiv - Andreas Fröhlich\nMrs. Darnley - Gisela Trowe\nJeff Darnley - Mike Henning\nJenny Darnley - Marlen Krause\nSenior Santora - Jürgen Thormann\nMorton - Andreas von der Meden\nOnkel Titus - Hans Meinhardt\nGomez - Karl-Heinz Gerdesmann\nBrotverkäufer - Harald Pages']
[17; 'und die gefährliche Erbschaft'; 'Der geheimnisvolle Einsiedler Marcus Towne; genannt Dingo; hinterläßt ein mysteriöses Testament. Es ist in Form einer mehrteiligen Rätselaufgabe abgefaßt - das Vermögen soll demjenigen zufallen; der das Rätsel um diesen seltsamen >letzten Willen< löst. Warum setzte Dingo so ein verrücktes Testament auf? Wollte er damit eventuellen Erbschleichern einen Stein in den Weg legen? Die rechtmäßigen Erben wenden sich zusammen mit dem Rechtsanwalt an die drei ??? und bitten um Hilfe beim Rätsellösen. Rätsel für Rätsel beginnen nun die drei ??? zu entwirren. Sie stellen bald fest; daß man leicht in die Irre geht; wenn ein Rätsel- und Ränkeschmied zur Nachwelt spricht. Aber nicht nur das bereitet ihnen Kopfzerbrechen. Seit sie den Fall übernommen haben; sind sie von lauernden Gefahren und ungeahnten Bedrohungen umgeben. Doch nichts kann die drei ??? erschüttern. Sie besitzen genug Wagemut; dem Rätsel dieser geheimnisvollen Erbschaft auf den Grund zu kommen!'; 'Die drei ???; Folge 17\nund die gefährliche Erbschaft'; 'Veröffentlichungsdatum: 02.10.1980'; 'Hitchcock; Erzähler - Peter Pasetti\nJustus Jonas; Erster Detektiv - Oliver Rohrbeck\nPeter Shaw; Zweiter Detektiv - Jens Wawrczeck\nBob Andrews; Recherchen und Archiv - Andreas Fröhlich\nHauptkommissar Reynolds - Horst Frank\nSkinny Norris - Andreas von der Meden\nNelly Towne - Pamela Punti [Heikedine Körting]\nBilly Towne - Peer Siegel\nOrdner - Lothar Grützner\nLopez - Hans Irle\nDillon - Gottfried Kramer\nRoger Callow - Hans Daniel\nKellnerin - Heidi Schaffrath']
[18; 'und die Geisterinsel'; 'Ein Flug quer über den amerikanischen Kontinent - das ist eine nicht zu verachtende Abwechslung für die drei jungen Detektive Justus; Bob und Peter. Wenn außerdem ein Auftrag dabei herausspringt; um so besser: Sie sollen nämlich klären; wer hinter den Diebstählen und Sabotageakten steckt; die einer Filmgesellschaft auf Skeleton Island zu schaffen machen. Auch sonst gibt es einige merkwürdige Dinge auf dieser Insel. Die Einheimischen sind von einer alten Geistergeschichte beunruhigt; munkeln von einem verschollenen Piratenschatz; der im Meer versenkt worden sein soll; und beargwöhnen mißtrauisch den jungen Griechen Chris mit seinem kranken Vater. Sollten vielleicht diese >Fremden< für die Diebstähle bei der Filmgesellschaft verantwortlich sein? Die drei ??? wissen es bald besser - und diese Wissen bringt sie prompt in Gefahr. Doch jetzt zahlt sich ihr Vertrauen in Chris aus: Er hilft ihnen nicht nur mutig aus der Klemme; sondern trägt auch entscheidend zur Entlarvung der gesuchten Diebe bei; denen in letzter Minute auch der sagenhafte Piratenschatz entrissen wird...'; 'Die drei ???; Folge 18\nund die Geisterinsel'; 'Veröffentlichungsdatum: 03.10.1980'; 'Hitchcock; Erzähler - Peter Pasetti\nJustus Jonas; Erster Detektiv - Oliver Rohrbeck\nPeter Shaw; Zweiter Detektiv - Jens Wawrczeck\nBob Andrews; Recherchen und Archiv - Andreas Fröhlich\nSam - Joachim Wolff\nChris Markos - Stephan Chrzeszinski\nKommissar Nostigon - Volker Brandt\nMr. Shaw - Joachim Richert\nDenton - Karl-Heinz Gerdesmann\nFarraday - Gottfried Kramer\nJeff - Harald Pages\nBill Ballinger - Günter Flesh\nJim Ballinger - Heinz Werder\nMr. Norris - Horst Schick\nMrs. Barton - Marianne Kehlau']
[19;;;;;]
[20;;;;;]
[21; 'und der Tanzende Teufel'; 'Eine Serie Diebstähle in Rocky Beach - und jedesmal fehlt einer jener verbreiteten schwarzen Bordkoffer. Die drei ??? nehmen sich dieses ominösen Falls an. Und immer dann; wenn sie gerade eine neue Spur verfolgen; taucht die unheimlich reale Gestalt eines >Tanzenden Teufels'; 'Die drei ???; Folge 21\nund der tanzende Teufel'; 'Veröffentlichungsdatum: 10.10.1980'; 'Hitchcock; Erzähler - Peter Pasetti\nJustus Jonas; Erster Detektiv - Oliver Rohrbeck\nPeter Shaw; Zweiter Detektiv - Jens Wawrczeck\nBob Andrews; Recherchen und Archiv - Andreas Fröhlich\nMrs. Dalton - Heidi Schaffrath\nChristina Dalton - Karina Leising [Heikedine Körting]\nFrankie Bender - Oliver Mink\nH. P. Clay - Lothar Grützner\nJim Clay - Marcus Meiering\nWalter Quail - Christian Mey\nTrödler Hummer - Joachim Richert\nJason Wilkes - Joachim Rake\nChiang - Tom Barrows [Hans Irle]\nDiakon Kastner - Hans Irle\nButler - Hans Daniel']
[22; 'und der verschwundene Schatz'; 'Gerade als Justus; Bob und Peter eine Ausstellung japanischer Kunstschätze besuchen; wird dort ein besonders wertvoller juwelenbesetzter Gürtel gestohlen. Zu dumm; daß der japanische Sicherheitsbeamte die drei jungen Detektive nicht bei der Aufklärung des dreisten Diebstahls helfen lassen will! Aber dafür hat Alfred Hitchcock einen neuen; ziemlich mysteriösen Fall für sie: Eine alte Dame wird angeblich Tag und Nacht von kleinen >Gnomen< belästigt. Versteht sich; daß die drei ??? nicht an Gnomen glauben - aber was sind es dann für merkwürdige kleine Gestalten; die sie mit eigenen Augen beobachten? Während sie noch rätseln; sitzen sie plötzlich in der Falle und werden ohnmächtige Zeugen eines raffinierten Bankraubes. Führt eine Spur vom Bankraub zum Gürteldiebstahl? Justus kombiniert schneller als die Gauner - mit Köpfchen und polizeilicher Hilfe wird auch dieser knifflige Doppelfall gelöst...'; 'Die drei ???; Folge 22\nund der verschwundene Schatz'; 'Veröffentlichungsdatum: 13.05.1981'; 'Hitchcock; Erzähler - Peter Pasetti\nJustus Jonas; Erster Detektiv - Oliver Rohrbeck\nPeter Shaw; Zweiter Detektiv - Jens Wawrczeck\nBob Andrews\nRecherchen und Archiv - Andreas Fröhlich\nRawley - Horst Stark\nMr. Frank - Siegfried Wald\nMr. Togati - Reiner Brönnecke\nTaro - Stefan Brönnecke\nPatrick - Wolfgang Kubach\nTante Mathilda - Karin Lieneweg\nMiss Agawam - Ursula Vogel\nJordan - Hans Meinhardt [Franz Josef Steffens]\nChuck - Roland Fabricius [Edgar Bessen?]\nLiliputaner - Erich Büttner [Joachim Wolff]\nWachmann im Museum - Gottfried Kramer\nHafenpolizist - Peter Kirchberger']
[23; 'und das Aztekenschwert'; 'Die Brüder Pico und Diego Alvaro verlieren durch ein Feuer ihren ganzen Besitz. Eine wahrhaft unrealistische; aber von den drei ???; befeuert durch Justus\\ Eigen- und Spürsinnsinn; gehegte Hoffnung könnte die Lage zum Guten wenden: wenn sich nämlich das juwelenbesetzte sogenannte Aztekenschwert finden ließe; das ein Alvaro-Ahn seinerzeit von Cortez persönlich geschenkt bekam. Mühselige und teilweise lebensgefährliche Ermittlungen - und immer verfolgt von undurchsichtigen Fremden - bringen die drei ??? und Diego auf eine heiße Spur. Wird es den vier Jungen gelingen; noch vor ihren Verfolgern das legendäre Cortez-Schwert zu finden?'; 'Die drei ???; Folge 23\nund das Aztekenschwert'; 'Veröffentlichungsdatum: 14.05.1981'; 'Hitchcock; Erzähler - Peter Pasetti\nJustus Jonas; Erster Detektiv - Oliver Rohrbeck\nPeter Shaw; Zweiter Detektiv - Jens Wawrczeck\nBob Andrews; Recherchen und Archiv - Andreas Fröhlich\nSkinny - Andreas von der Meden\nCody - Simon Schuchadt [Wolfgang Kaven]\nDiego Alvaro - Jan Odle\nPico Alvaro - Mathias Lorenz\nOnkel Titus - Hans Meinhardt\nAssistent - Claes Holmcrantz [Gernot Endemann]\nSheriff - F.J. Steffens\nTulsa - Klaus Klein [F.J. Steffens]\nCap - Fritz Wegely [Siegfried Wald]\nPike - Philip Mehringer [Joachim Wolff]\nMr. Shaw - F.J. Steffens']
[24; 'und die silberne Spinne'; 'Verschwörung in Magnusstad: Der junge Lars Holmqvist soll um sein Erbe gebracht werden. Seine Freunde; Justus; Bob und Peter wollen ihm helfen; geraten dabei aber selbst in eine gefährliche Lage: plötzlich ist die legendäre silberne Spinne; die für Lars und ganz Magnusstad eine besondere Bedeutung hat; in ihrem Zimmer. Die Feinde von Lars möchten den drei ??? offensichtlich einen Raub in die Schuhe schieben. Eine abenteuerliche Verfolgungsjagd beginnt. Schaffen es die drei Freunde auch diesmal wieder?'; 'Die drei ???; Folge 24\nund die silberne Spinne'; 'Veröffentlichungsdatum: 15.05.1981'; 'Hitchcock; Erzähler - Peter Pasetti\nJustus Jonas; Erster Detektiv - Oliver Rohrbeck\nPeter Shaw; Zweiter Detektiv - Jens Wawrczeck\nBob Andrews; Recherchen und Archiv - Andreas Fröhlich\nBengt - Charles Regnier\nBritta - Ingeborg Kanstein\nLars Holmqvist - Gernot Endemann\nYoung - Horst Stark\nForsborg - Richard Heelel [F.J. Steffens]\nMann - Siegfried Wald\nFrau - Brigitte Alexis\nKöhler - Hans Meinhardt [Reiner Brönneke]\nTante Mathilda - Karin Lieneweg\nWärter - Joachim Wolff\nKellner - Peter Kirchberger\nMorton - Andreas von der Meden']
[25; 'und die singende Schlange'; 'Zugegeben; Mrs. Patricia Osborne ist eine etwas seltsame Dame. Nicht genug damit; dass sie rote Samtkleider als Schutzschild gegen die Gefahren des Lebens betrachtet und Spinnweben für hervorragende Heilmittel hält - sie glaubt auch felsenfest; dass ein mit dem Messer allabendlich um Bett gezogener Kreis sie vor nächtlichem Unheil schützt! Als sie aber auch noch einen finsteren Mann namens Asmodi zu geheimen Zusammenkünften einlädt; bei denen ein grässlicher Singsang aus dem verschlossenen Zimmer dringt; da reicht es ihrer Nichte Allie. Das Mädchen schaltet kurzentschlossen die drei ??? ein. Vermutet sie zu recht; dass jemand die Leichtgläubigkeit ihrer Tante verbrecherisch ausnutzen will? Zusammen mit Justus; Bob und Peter folgt sie Asmodi; der in einem abgelegenen Haus merkwürdige Kultabende abhält. Sie schleichen sich ein - und beobachten entsetzt; wie sich zwischen schwarz vermummten Gestalten im Kerzengeflacker einer fremdartigen Zeremonie plötzlich eine riesige Schlange zu winden scheint! Und diese Schlange lässt einen grausigen Gesang ertönen... Werden die drei ??? ihr Geheimnis enthüllen?'; 'Die drei ???; Folge 25\nund die singende Schlange'; 'Veröffentlichungsdatum: 19.10.1981'; 'Hitchcock; Erzähler - Peter Pasetti\nJustus Jonas; Erster Detektiv - Oliver Rohrbeck\nPeter Shaw; Zweiter Detektiv - Jens Wawrczeck\nBob Andrews; Recherchen und Archiv - Andreas Fröhlich\nAllie Jamison - Katrin Fröhlich\nTante Mathilda - Karin Lieneweg\nAsmodi - Rüdiger Schulzki\nDr. Shaitan - Lutz Mackensy\nNoxworth - Christian Rode\nMorton - Andreas von der Meden\nProf. Barrister - F. J. Steffens\nMarie - Susanne Wulkow\nder "Clochard" - Karl-Heinz Gerdesmann\nPatricia Osborne - Barbara Focke\nMann am Grundstück - Wolfgang Kaven']
[26; 'und die Silbermine'; 'Allie Jamison kann die drei ??? schon manchmal aufregen; starrköpfig und voreingenommen; wie sie ist! Oder sollte sie etwa recht haben mit ihrer Vermutung; bei Wesley Thurgood; dem neuen Nachbarn ihres Onkels; stimme etwas nicht? Eigentlich wollten die drei ??? während der Sommerferien nur Allies Onkel beim Bäumeschneiden helfen. Aber je mehr merkwürdige Dinge geschehen; desto spannender - und gefährlicher wird es auch für unsere Freunde. Ist es nicht seltsam; daß der steinreiche Thurgood ausgerechnet die alte; verlassene Silbermine gekauft hat; die berüchtigte Todesfalle? Und warum wird er gleich so zornig; als Allie versucht; das Bergwerk zu erforschen? Ahnt er vielleicht etwas von dem schaurigen Fund; den die drei ??? und Allie dort machen werden? Aber hier ist Vorsicht am Platze! Denn Thurgood ist nicht der einzige; der den drei ??? mysteriös vorkommt... Schließlich gibt es in den nahen Bergen noch manch alte Stadt; die heute völlig menschenleer ist. Und gar nicht weit davon beginnt schon die Wüste. Könnte da nicht jemand; der eine nicht ganz reine Weste hat; auf dumme Gedanken kommen?'; 'Die drei ???; Folge 26\nund die Silbermine'; 'Veröffentlichungsdatum: 20.10.1981'; 'Hitchcock; Erzähler - Peter Pasetti\nJustus Jonas; Erster Detektiv - Oliver Rohrbeck\nPeter Shaw; Zweiter Detektiv - Jens Wawrczeck\nBob Andrews; Recherchen und Archiv - Andreas Fröhlich\nAllie Jamison - Katrin Fröhlich\nHarrison Osborne - F.J. Steffens\nThurgood - Jürgen Thormann\nSheriff - Gottfried Kramer\nMrs. Macomber - Gisela Trowe\nAtkinson - Klaus Stieringer\nManny - Lothar Grützner\nGasper - Rolf Mamero']
[27; 'und der magische Kreis'; 'Die Brüder Pico und Diego Alvaro verlieren durch ein Feuer ihren ganzen Besitz. Eine wahrhaft unrealistische; aber von den drei ???; befeuert durch Justus\\ Eigen- und Spürsinnsinn; gehegte Hoffnung könnte die Lage zum Guten wenden: wenn sich nämlich das juwelenbesetzte sogenannte Aztekenschwert finden ließe; das ein Alvaro-Ahn seinerzeit von Cortez persönlich geschenkt bekam. Mühselige und teilweise lebensgefährliche Ermittlungen - und immer verfolgt von undurchsichtigen Fremden - bringen die drei ??? und Diego auf eine heiße Spur. Wird es den vier Jungen gelingen; noch vor ihren Verfolgern das legendäre Cortez-Schwert zu finden?'; 'Die drei ???; Folge 23\nund das Aztekenschwert'; 'Veröffentlichungsdatum: 14.05.1981'; 'Hitchcock; Erzähler - Peter Pasetti\nJustus Jonas; Erster Detektiv - Oliver Rohrbeck\nPeter Shaw; Zweiter Detektiv - Jens Wawrczeck\nBob Andrews; Recherchen und Archiv - Andreas Fröhlich\nSkinny - Andreas von der Meden\nCody - Simon Schuchadt [Wolfgang Kaven]\nDiego Alvaro - Jan Odle\nPico Alvaro - Mathias Lorenz\nOnkel Titus - Hans Meinhardt\nAssistent - Claes Holmcrantz [Gernot Endemann]\nSheriff - F.J. Steffens\nTulsa - Klaus Klein [F.J. Steffens]\nCap - Fritz Wegely [Siegfried Wald]\nPike - Philip Mehringer [Joachim Wolff]\nMr. Shaw - F.J. Steffens']
[28; 'und der Doppelgänger'; 'Sollte es ihn wahrhaftig geben; einen zweiten... Justus Jonas? Jan; der sich aus Angst vor hinterhältigen Gaunern auf dem Schrottplatz einquartiert hat; weiß nicht; daß er dadurch die drei ???; und vor allem sein Ebenbild Justus; in große Schwierigkeiten bringt. Gefahr und Chaos lauern auf Schritt und Tritt. Justus wird an Jans Stelle von den Männern geschnappt und eingesperrt. Rätselhafte Botschaften! Politische Intrigen über Länder und Kontinente! Lebensgefährliche Irrtümer! Ein Gegner; der sich beinahe in der abgeschirmten Zentrale der Nachwuchsdetektive einnistet! Aber Bob und Peter beweisen; daß sie auch ohne ihren Chef richtig und überlegt handeln können. Eine wilde Verfolgungsjagd beginnt; denn es geht um Minuten!'; 'Die drei ???; Folge 28\nund der Doppelgänger'; 'Veröffentlichungsdatum: 22.10.1981'; 'Hitchcock; Erzähler - Peter Pasetti\nJustus Jonas; Erster Detektiv - Oliver Rohrbeck\nPeter Shaw; Zweiter Detektiv - Jens Wawrczeck\nBob Andrews; Recherchen und Archiv - Andreas Fröhlich\nMorton - Andreas von der Meden\nTante Mathilda - Karin Lieneweg\nKommissar Reynolds - Horst Frank\nReporter - Peter Kirchberger\nFred; Extremist - Heinrich Baum [Karl-Walter Diess]\nWalt; Extremist - Friedhelm Hubertus [Siegfried Wald]\nGordon Mackenzie - Rüdiger Schulzki\nAdam Ndula - Hans Meinhardt [Henry Kielmann]\nJan Carew - Sascha Draeger\nPolizist im Suchtrupp - Wolfgang Draeger\nHauswirt - Hubert Mittendorf']
[29;;;;;]
[30; 'und das Riff der Haie'; 'Demonstranten blockieren die Arbeiten an der Öl-Bohrinsel vor der Küste von Santa Barbara. Die drei Detektive fahren hinaus; um sich die Demonstration anzusehen. Sie werden in rätselhafte Vorgänge verwickelt. Etwas Unheimliches geschieht mit dem Boot von Mr. Crowe; und als ein gewaltiger Sturm aufzieht; gibt das Meer eines seiner Geheimnisse preis. Was schiebt sich da aus den Wellen? Ein Meeres-Ungeheuer...?'; 'Die drei ???; Folge 30\nund das Riff der Haie'; 'Veröffentlichungsdatum: 20.06.1982'; 'Hitchcock; Erzähler - Peter Pasetti\nJustus Jonas; Erster Detektiv - Oliver Rohrbeck\nPeter Shaw; Zweiter Detektiv - Jens Wawrczeck\nBob Andrews; Recherchen und Archiv - Andreas Fröhlich\nMr. Andrews - Joachim Richert\nCrowe - Henry Kielmann\nKäptn Jason - Karl Walter Diess\nMacGruder - Siegfried Wald\nHanley - Lothar Grützner\nTorao - Joko Talmann [Rüdiger Schulzki]\nBerg - Andreas Beurmann / Wolfgang Draeger\nYamura - Hubert Mittendorf\nDie Gebrüder Connors - Nicolas Körting; Lothar Grützner\nWeston - Joachim Richert']
[31; 'und das Narbengesicht'; 'Ist das Narbengesicht wirklich blind? Zweifel erscheinen angebracht; nachdem ziemlich sicher ist; daß dieser seltsame Mann bei einem Banküberfall Schmiere gestanden hat. Offene und ungeklärte Fragen haben die drei ??? schon immer interessiert. Eine verlorene Brieftasche verhilft ihnen zum Einstieg in einen Kriminalfall; bei dem es um weit mehr als nur einen Banküberfall geht.'; 'Die drei ???; Folge 31\nund das Narbengesicht'; 'Veröffentlichungsdatum: 11.03.1983'; 'Hitchcock; Erzähler - Peter Pasetti\nJustus Jonas; Erster Detektiv - Oliver Rohrbeck\nPeter Shaw; Zweiter Detektiv - Jens Wawrczeck\nBob Andrews; Recherchen und Archiv - Andreas Fröhlich\nShelby Tuckerman - Pinkas Braun\nMr. Hitfield - Christian Riege [Manfred Steffen]\nMr. Bonestell - Joachim Richert\nMrs. Denicola - Katharina Brauren\nEileen - Ruth Niehaus\nErnie - Helmut Zierl\nPolizist - Harald Pages\nHoang Van Dong - Chen Lung Chung [Volker Brandt]\nFrau an der Bushaltestelle - Ursula Vogel\nNachrichtensprecher - Joachim Wolff\nPatrick - Joachim Richert']
[32; 'und der Ameisenmensch'; 'Eine Vogelscheuche erwacht plötzlich zum Leben und stürzt sich auf alles; was ihr in die Quere kommt. Letitia Radford beginnt zu verzweifeln. In ihrer Todesangst beauftragt sie die drei Detektive; das Rätsel der wandelnden Vogelscheuche zu lösen. Justus; Bob und Peter nehmen den Auftrag an und geraten unversehens selbst in Lebensgefahr.'; 'Die drei ???; Folge 32\nund der Ameisenmensch'; 'Veröffentlichungsdatum: 12.03.1983'; 'Hitchcock; Erzähler - Peter Pasetti\nJustus Jonas; Erster Detektiv - Oliver Rohrbeck\nPeter Shaw; Zweiter Detektiv - Jens Wawrczeck\nBob Andrews; Recherchen und Archiv - Andreas Fröhlich\nDr. Woolley - Manfred Steffen\nLarry Conklin - Sylvester Merten [Helmut Zierl]\nLetitia Radford - Marianne Kehlau\nMrs. Chumley - Renate Pichler\nMrs. Burroughs - Katharina Brauren\nMr. Burroughs - Martin Fichte [Joachim Wolff]\nGary Malz - Volker Brandt\nMr. Agnier - Willem Fricke\nKommissar Reynolds - Horst Frank\nPatrick - Joachim Richert']
[33; 'und die bedrohte Ranch'; 'Der Zufall vermittelt Justus; Bob und Peter die Bekanntschaft mit dem exzentrischen Ehepaar Barron; und unerwartet finden sie sich auf Rancho Valverde eingeschlossen; ohne Kontakt zur Umwelt! Geht der Kampf nun gegen außerirdische Wesen oder gegen kriminelle Betrüger und Diebe? Unsere drei klugen Detektive werden die Wahrheit herausfinden - wetten?'; 'Die drei ???; Folge 33\nund die bedrohte Ranch'; 'Veröffentlichungsdatum: 21.10.1983'; 'Hitchcock; Erzähler - Peter Pasetti\nJustus Jonas; Erster Detektiv - Oliver Rohrbeck\nPeter Shaw; Zweiter Detektiv - Jens Wawrczeck\nBob Andrews; Recherchen und Archiv - Andreas Fröhlich\nPatrick - Wolfgang Kubach\nOnkel Titus Jonas - Peter Kirchberger\nMr. Barron - Pinkas Braun\nMrs. Barron - Monika Peitsch\nHank Detweiler - Siegfried Wald\nElsie Spratt - Pia Werfel [Barbara Focke]\nLeutnant Ferrante - Volkert Kraeft\nBones - Siegfried Meyerheim [Helmut Zierl]\nvermeintlicher US-Präsident - Wolfgang Draeger\nKommissar Reynolds - Horst Frank']
[34; 'und der Rote Pirat'; 'Wer verbirgt sich hinter der Maske des roten Piraten - und warum bedroht er Justus; Bob und Peter? Was steckt hinter den Tonbandinterviews von Major Karnes - und wonach gräbt dieser heimlich in der Piratenbucht? Trotz aller Gefahren lassen die drei ??? nicht locker; bis sie das Rätsel um den legendären Piratenschatz gelöst haben - einen Schatz; der allerhand Geheimnisse birgt!'; 'Die drei ???; Folge 34\nund der rote Pirat'; 'Veröffentlichungsdatum: 05.04.1984'; 'Hitchcock; Erzähler - Peter Pasetti\nJustus Jonas; Erster Detektiv - Oliver Rohrbeck\nPeter Shaw; Zweiter Detektiv - Jens Wawrczeck\nBob Andrews; Recherchen und Archiv - Andreas Fröhlich\nMr. Shaw - Horst Schick\nKapitän Joy - Helmut Ahner\nJeremy Joy - Philip Siegel\nJoshua Evans - Douglas Welbat\nMajor Karnes - Manfred Schermutzki\nSam Davis - Utz Richter']
[35; 'und der Höhlenmensch'; 'Das Skelett eines Urzeitmenschen lockt Justus; Bob und Peter in den kleinen Ort Citrus Grove. Kaum sind sie dort; als es auch schon zu rätselhaften Zwischenfällen kommt. Erwacht der Urmensch zu geheimnisvollem Leben? Und wieso legen sich plötzlich alle Bewohner von Citrus Grove zum Schlafen in den Park...?'; 'Die drei ???; Folge 35\nund der Höhlenmensch'; 'Veröffentlichungsdatum: 16.10.1984'; 'Hitchcock; Erzähler - Peter Pasetti\nJustus Jonas; Erster Detektiv - Oliver Rohrbeck\nPeter Shaw; Zweiter Detektiv - Jens Wawrczeck\nBob Andrews; Recherchen und Archiv - Andreas Fröhlich\nEleonor - Susanne Wulkow\nBirkensteen - Oskar Kluge [Günter König]\nTerreano - Günter König\nBrandon - Douglas Welbat\nHoffer - Eckart Dux\nMcGee - Utz Richter\nThalia - Ingeborg Kanstein\nStefano - Andreas von der Meden\nJohn - Edgar Bessen\nTankwart - F.-J. Steffens\nLKW-Fahrer - Andreas von der Meden\nMann am Bahnhof - Christian Rode\nBürgermeister - Edgar Bessen']
[36; 'und der Super-Wal'; 'Justus; Bob und Peter retten einen Wal; der bei Ebbe ins allzu flache Wasser geraten ist. Damit beginnt eine Reihe von gefährlichen Abenteuern. Der Wal wird dressiert und soll für Bergungsarbeiten eingesetzt werden. Doch damit ist irgend jemand gar nicht einverstanden! Was liegt da Geheimnisvolles auf dem Meeresgrund? Justus muß sich gewaltig anstrengen; um schließlich das Geheimnis lüften zu können...'; 'Die drei ???; Folge 36\nund der Super-Wal'; 'Veröffentlichungsdatum: 29.05.1985'; 'Hitchcock; Erzähler - Peter Pasetti\nJustus Jonas; Erster Detektiv - Oliver Rohrbeck\nPeter Shaw; Zweiter Detektiv - Jens Wawrczeck\nBob Andrews; Recherchen und Archiv - Andreas Fröhlich\nConstance - Heidi Schaffrath\nSlater - Helmut Ahner\nDonner - Jürgen Thormann\nKommissar Reynolds - Horst Frank\nFischer - F.-J. Steffens\nOcean-World-Mitarbeiter - Peter Lakenmacher; Christian Rode']
[37; 'und der heimliche Hehler'; 'Ein fünfjähriger Junge verschwindet. Wurde er entführt? Ist er weggelaufen? Die drei Detektive machen sich daran; die Frage zu klären. Und sie kommen weiteren Geheimnissen auf die Spur. Was verbirgt sich in dem alten Hotel? Warum maskiert sich Mr. Burton? Die drei ??? kommen zu einer überraschenden Lösung des Falles...'; 'Die drei ???; Folge 37\nund der heimliche Hehler'; 'Veröffentlichungsdatum: 01.11.1985'; 'Hitchcock; Erzähler - Peter Pasetti\nJustus Jonas; Erster Detektiv - Oliver Rohrbeck\nPeter Shaw; Zweiter Detektiv - Jens Wawrczeck\nBob Andrews; Recherchen und Archiv - Andreas Fröhlich\nRegina - Ursela Monn\nTeddy - Simon Jäger\nMrs. Peabody - Gisela Trowe\nBurton - Günther Pfitzmann\nKommissar - Günther Flesh\nMooch - Joachim Richert\nMr. Conine - Wolfgang Draeger\nFergus - Günter Dockerill']
[38; 'und der unsichtbare Gegner'; 'Ben Peck; Peters Großvater; hat eine Reihe von Erfindungen gemacht und jetzt will er eine davon in New York verkaufen. Aber er hat ständig Angst; daß man ihm sein geistiges Eigentum stiehlt. Da ist vor allem Ed Snabel. Was hat dieser Mann vor? Warum verfolgt er Ben Peck? Die drei Detektive erleben eine atemberaubende Jagd quer durch Amerika...'; 'Die drei ???; Folge 38\nund der unsichtbare Gegner'; 'Veröffentlichungsdatum: 17.03.1986'; 'Hitchcock; Erzähler - Peter Pasetti\nJustus Jonas; Erster Detektiv - Oliver Rohrbeck\nPeter Shaw; Zweiter Detektiv - Jens Wawrczeck\nBob Andrews; Recherchen und Archiv - Andreas Fröhlich\nMrs. Shaw - Marianne Kehlau\nMr. Peck - Wolfgang Völz\nEd Snabel - Horst Naumann\nBartlett - Jochen Sehrndt\nFBI-Agent Anderson - Lutz Mackensy\nPassantin - Ingrid Andree']
[39; 'und die Perlenvögel'; 'Die drei Detektive finden eine vergessene Brieftaube und damit beginnt ein geheimnisvolles Abenteuer; bei dem es um wertvolle Perlen und ermordete Vögel geht. Die drei ??? stehen vor vielen Rätsel; aber sie geben nicht auf. - Doch dann richtet sich der Lauf einer Pistole auf sie...'; 'Die drei ???; Folge 39\nund die Perlenvögel'; 'Veröffentlichungsdatum: 18.03.1986'; 'Hitchcock; Erzähler - Peter Pasetti\nJustus Jonas; Erster Detektiv - Oliver Rohrbeck\nPeter Shaw; Zweiter Detektiv - Jens Wawrczeck\nBob Andrews; Recherchen und Archiv - Andreas Fröhlich\nBlinky - Günter König\nMiss Melody - Gisela Trowe\nFrisbee - Hans Paetsch']
[40; 'und der Automarder'; 'In Rocky Beach klirren die Autoscheiben; die ein geheimnisvoller Automarder serienweise zertrümmert. Und nicht nur das: Ein Adler verschwindet. Ein Fall; der selbst für die drei Detektive unlösbar zu sein scheint. Doch dann geht dem Ersten Detektiv ein Licht auf!'; 'Die drei ???; Folge 40\nund der Automarder'; 'Veröffentlichungsdatum: 27.11.1986'; 'Hitchcock; Erzähler - Peter Pasetti\nJustus Jonas; Erster Detektiv - Oliver Rohrbeck\nPeter Shaw; Zweiter Detektiv - Jens Wawrczeck\nBob Andrews; Recherchen und Archiv - Andreas Fröhlich\nMr. Jacobs - Horst Naumann\nPaul Jacobs - Sascha Draeger\nOnkel Titus - Gottfried Kramer\nTante Mathilda - Ingeborg Kallweit\nMr. Temple - Jochen Sehrndt\nSarah Temple - Svenja Pages\nWillard Temple - Ben Becker\nPolizeileutnant - Günter König\nMorton - Andreas von der Meden\nHauptkomm. Reynolds - Günter Flesch\nMargon - Henry Kielmann\nWilliam Margon - Michael Grimm\nPassanten - Lothar Grützner; Hans Hessling']
[41; 'und das Volk der Winde'; 'Der Wissenschaftler Arnold Brewster ruft die drei Detektive zu Hilfe; denn durch eine Intrige ist er in ein Altersheim abgeschoben worden. Justus; Bob und Peter versuchen; ihm zu helfen. Sie kommen dabei einem geheimnisvollen Geschehen auf die Spur; bei dem es um Indianer; Gold und einen rätselhaften Tanzenden Saurier geht. Tödliche Gefahren lauern auf die drei ???...'; 'Die drei ???; Folge 41\nund das Volk der Winde'; 'Veröffentlichungsdatum: 17.09.1987'; 'Hitchcock; Erzähler - Peter Pasetti\nJustus Jonas; Erster Detektiv - Oliver Rohrbeck\nPeter Shaw; Zweiter Detektiv - Jens Wawrczeck\nBob Andrews; Recherchen und Archiv - Andreas Fröhlich\nBrewster - Horst Naumann\nClifford - Douglas Welbat\nMarie - Svenja Pages\nZindler - Karl Walter Diess\nPamir - Manfred Steffen\nMartin - Frank-Dieter Tausch\nBotin - Beate Hasenau\nKellner - Helmut Ahner']
[42; 'und der weinende Sarg'; 'Die drei Detektive sind dem Geheimnis eines verborgenen Tresors auf der Spur. Der neugierige Michael ist es; der ihnen den ersten Tip gibt; drei Totenköpfe auf einem Sarg scheinen Wegweiser zu sein. Doch schnell wird es gefährlich; denn in der Nähe des Sargs ist es nicht geheuer - schon gar nicht; wenn mitten in der Nacht das Käuzchen ruft...'; 'Die drei ???; Folge 42\nund der weinende Sarg'; 'Veröffentlichungsdatum: 26.10.1987'; 'Hitchcock; Erzähler - Peter Pasetti\nJustus Jonas; Erster Detektiv - Oliver Rohrbeck\nPeter Shaw; Zweiter Detektiv - Jens Wawrczeck\nBob Andrews; Recherchen und Archiv - Andreas Fröhlich\nMichael Cross - Matthias Klimser\nMrs. Cross - Marianne Kehlau\nMr. Cross - Horst Naumann\nGrady Markels - Gerd Baltus\nBrackmann - F. J. Steffens\nMargie - Monika Gabriel\nNachrichtensprecher - Diess Günter Flesh\nSawyer - Jürgen Thormann\nMuseumsbesucherin - Beate Hasenau\nGärtner - Günter Dockerill\nMr. Rossing - Eric Vaessen\nRossings Assistentin - Claudia Schermutzki']
[43; 'und der höllische Werwolf'; 'Ein Werwolf macht Hollywood unsicher. Er verübt Überfall auf Überfall - und dabei geht es ihm nur um kleine Teddybären. Justus; Bob und Peter machen einen seltsamen Fund am Strand und kommen so auf die Spur des Verbrechers. Sie haben ihr vielleicht gefährlichstes Abenteuer zu bestehen...'; 'Die drei ???; Folge 43\nund der höllische Werwolf'; 'Veröffentlichungsdatum: 01.10.1988'; 'Hitchcock; Erzähler - Peter Pasetti\nJustus Jonas; Erster Detektiv - Oliver Rohrbeck\nPeter Shaw; Zweiter Detektiv - Jens Wawrczeck\nBob Andrews; Recherchen und Archiv - Andreas Fröhlich\nLucille - Petra Kaminski\nCharles - Henry Kielmann\nMcLain - Rolf Jülich\nVerleiher - Hartmut Kollakowsky\nKellnerin - Beate Hasenau\nSears - Manfred Liptow\nEvans - Bernd Fallske\nPelzhändler - Eric Vaessen\nKom. Reynolds - Wolfgang Draeger\nLucilles Mutter - Astrid Kollex\nSekretärin - Eva Gelb\nMädchen - Veronika Neugebauer\nJunge 1 - Manou Lubowski\nJunge 2 - Niki Nowotny']
[44; 'und der gestohlene Preis'; 'Die Vergangenheit holt Justus wieder ein. Er hat als Kind in dem Film Die kleinen Strolche mitgespielt. Nun soll er noch einmal als Baby Fatso ins Licht der Öffentlichkeit treten. Das gefällt ihm überhaupt nicht; doch plötzlich entwickelt sich ein Fall für die drei Detektive daraus und ihr Interesse ist geweckt. Vor allem; als sie erfahren; daß es um 20.000 Dollar geht.'; 'Die drei ???; Folge 44\nund der gestohlene Preis'; 'Veröffentlichungsdatum: 02.10.1988'; 'Hitchcock; Erzähler - Peter Pasetti\nJustus Jonas; Erster Detektiv - Oliver Rohrbeck\nPeter Shaw; Zweiter Detektiv - Jens Wawrczeck\nBob Andrews; Recherchen und Archiv - Andreas Fröhlich\nMilton - Horst Naumann\nBonehead - Sascha Draeger\nPeggy - Veronika Neugebauer\nFootsie - Niki Nowotny\nBloodhound - Manou Lubowski\nLomax - Peter Pantel [Wolf Rahtjen]\nTante Mathilda - Dorothea Kaiser\nGordon Harker - Stefan Brönneke']
[45; 'und das Gold der Wikinger'; 'Auf der Insel Ragnarson Rock geschehen geheimnisvolle Dinge! Fotos; die Bob gemacht hat; müssen der Schlüssel sein. Doch Justus; Bob und Peter - die drei Detektive - können zunächst Besonderes darauf entdecken. Aber dann heult ein Wolf auf der Insel und Justus spitzt die Ohren. Kommt er dem Geheimnis auf die Spur?'; 'Die drei ???; Folge 45\nund das Gold der Wikinger'; 'Veröffentlichungsdatum: 01.04.1989'; 'Hitchcock; Erzähler - Peter Pasetti\nJustus Jonas; Erster Detektiv - Oliver Rohrbeck\nPeter Shaw; Zweiter Detektiv - Jens Wawrczeck\nBob Andrews; Recherchen und Archiv - Andreas Fröhlich\nIngmar Ragnarson - Rolf E. Schenker\nKarl Ragnarson - Utz Richter\nSam Ragnarson - Marco Kröger\nMr. Manning - Achim Schülke\nMrs. Manning - Julia Mahnkopf\nKommissar Reynolds - Wolfgang Draeger\nMrs. Andrews - Renate Pichler\nMr. Andrews - Manfred Bendixen\nMathilda - Ursula Vogel']
[46; 'und der schrullige Millionär'; 'Als bei der Verlobung seiner Tochter ein Teller zu Boden fällt; erleidet der geizige Millionär Pilcher einen Herzanfall. Er scheint dem Tode nahe; doch dann ist er plötzlich verschwunden. Wurde er entführt? Die drei Detektive versuchen; das Rätsel zu lösen; und Justus fordert seine Kollegen zum logischen Denken auf...'; 'Die drei ???; Folge 46\nund der schrullige Millionär'; 'Veröffentlichungsdatum: 08.04.1989'; 'Hitchcock; Erzähler - Peter Pasetti\nJustus Jonas; Erster Detektiv - Oliver Rohrbeck\nPeter Shaw; Zweiter Detektiv - Jens Wawrczeck\nBob Andrews; Recherchen und Archiv - Andreas Fröhlich\nHarry Burnside - Thomas Naumann\nMillionär Pilcher - Michael von Raspatt\nMarilyn Pilcher - Gabi Libbach\nSekretär Sanchez - Walter Eltz\nHarald Durham - Ernst A. Frantz\nFrau Durham - Micaela Kreißler\nJim Westerbrook - Michael Quiatkowski\nMrs. Westerbrook - Gerlinde Dillge\nDr. Gonzaga - Michael Liptow\nRamon Navarro - Norbert Lange']
[47; 'und der giftige Gockel'; '"Millionen werden sterben!" flüstert das Unfallopfer. - Wer ist der Täter? Die drei Detektive schalten sich ein; und ein Wettlauf mit der Zeit beginnt! Schon bald merken die drei Freunde; dass sie auf der richtigen Spur sind; denn ihr unbekannter Gegner schlägt zurück...'; 'Die drei ???; Folge 47\nund der giftige Gockel'; 'Veröffentlichungsdatum: 24.11.1989'; 'Hitchcock; Erzähler - Peter Pasetti\nJustus Jonas; Erster Detektiv - Oliver Rohrbeck\nPeter Shaw; Zweiter Detektiv - Jens Wawrczeck\nBob Andrews; Recherchen und Archiv - Andreas Fröhlich\nKommissar Reynolds - Wolfgang Draeger\nKelly - Kerstin Draeger\nJulia Crown - Tessa Gasser\nBig Barney Crown - Wolfgang Völz\nSchwester Lazar - Hildegard Krekel\nDon Dellasandro - Jürgen Thormann\nPandro Mischkin - Michael Hark\nKranführer Dick - Ernst von Klippstein']
[48; 'und die gefährlichen Fässer'; 'Die drei Detektive und Bobs Vater stürzen mit dem Flugzeug ab - mitten in ein Tal voller Geheimnisse und Gefahren. Merkwürdige; von Dämonen besessene Indianer tun rätselhafte Dinge; und dann stellt jemand den drei ??? eine tödliche Falle...'; 'Die drei ???; Folge 48\nund die gefährlichen Fässer'; 'Veröffentlichungsdatum: 25.11.1989'; 'Hitchcock; Erzähler - Peter Pasetti\nJustus Jonas; Erster Detektiv - Oliver Rohrbeck\nPeter Shaw; Zweiter Detektiv - Jens Wawrczeck\nBob Andrews; Recherchen und Archiv - Andreas Fröhlich\nHerr Andrews - Günter König\nDaniel - Gosta Liptow\nMary - Anja Ziemer\nHäuptling Turner - Norbert Lange\nSchamane - Douglas Welbat\nUnternehmer Mancarrow - Holger Mahlich\nGanove Biff - Lutz Harder\nGanove George - Manfred Liptow']
[49; 'und die Comic-Diebe'; 'Auf der InterComiCon werden Comics von unersetzlichem Wert gestohlen; und die drei ??? stehen unmittelbar daneben. Sie versuchen; den Fall aufzuklären; doch es erscheint zunächst unmöglich den Dieb zu finden. Dann aber ergibt sich eine Spur! Sofort reagiert der Dieb; und Peter entgeht nur ganz knapp einem tödlichen Anschlag...'; 'Die drei ???; Folge 49\nund die Comic-Diebe'; 'Veröffentlichungsdatum: 26.11.1990'; 'Hitchcock; Erzähler - Peter Pasetti\nJustus Jonas; Erster Detektiv - Oliver Rohrbeck\nPeter Shaw; Zweiter Detektiv - Jens Wawrczeck\nBob Andrews; Recherchen und Archiv - Andreas Fröhlich\nAxel Griswold - Helgo Liebig\nPurvis - Heiner Kramm\nDan DeMento - Peter Heinrich\nLeo Rottweiler - Rainer Brönneke\nSteve Trash - Thomas Naumann\nRainey Fields - Xenia Hey\nJunge - Leonhard Mahlich']
[50; 'und der verschwundene Filmstar'; 'Ein Filmstar verschwindet - Diller Rourke; Hauptdarsteller im Horrorstreifen Atemlos II; erscheint nicht zu den Dreharbeiten auf dem Friedhof. Die Zentrale der drei ??? wird überfallen und verwüstet. Trotzdem heften sie sich an die Fersen von Erfolgsproduzent Marty Morningbaum; seinem Regisseur und dem mysteriösen Kristallkugel-Guru mit dem dritten Auge. Eine knallharte Betrugsgeschichte; live aus dem glitzernden Show-Geschäft.'; 'Die drei ???; Folge 50\nund der verschwundene Filmstar'; 'Veröffentlichungsdatum: 19.03.1991'; 'Hitchcock; Erzähler - Peter Pasetti\nJustus Jonas; Erster Detektiv - Oliver Rohrbeck\nPeter Shaw; Zweiter Detektiv - Jens Wawrczeck\nBob Andrews; Recherchen und Archiv - Andreas Fröhlich\nJon Travis - Rolf Becker\nMarty Morningbaum - Helmut Ahner\nDiller Rourke - Michael Quiatkowsky\nMarble Ackbourne-Smith - Wolf Rathjen\nMargo - Hanni Vanhaiden\nKevin - Fred Maire\nHerr Andrews - Günter König']
[51; 'und der riskante Ritt'; 'Caramba! Wie heiß brennt die Sonne in den Bergen der Sierra Madre! Wäre da nicht der Silberschatz aus den Zeiten der Revolution; kein Mensch würde hier auf störrischen Wildeseln zwischen Kakteen und Buschwerk herumreiten. Ein brummelnder Vulkan; der jeden Moment ausbrechen kann; macht die Sache auch nicht gemütlicher. Selten haben die drei ??? ein so gefährliches Abenteuer erlebt.'; 'Die drei ???; Folge 51\nund der riskante Ritt'; 'Veröffentlichungsdatum: 20.03.1991'; 'Hitchcock; Erzähler - Peter Pasetti\nJustus Jonas; Erster Detektiv - Oliver Rohrbeck\nPeter Shaw; Zweiter Detektiv - Jens Wawrczeck\nBob Andrews; Recherchen und Archiv - Andreas Fröhlich\nMercedes - Marianne Kehlau\nBrit - Oliver Rohrbeck\nDusty Rice - Achim Schülke\nAscension - Eckart Dux']
[52; 'und die Musikpiraten'; 'Schlägerei auf dem Vergnügungsfest; Überfall auf Bob und eine nächtliche Verfolgungsjagd - es sieht ganz so aus; als sei der junge Detektiv zwischen zwei rivalisierende Gaunerbanden geraten. Die heiße Spur führt zur Plattenfirma Galactic Sound. Hier sind auf mysteriöse Weise Masterbänder verschwunden. Aber wie schmuggeln die Musikpiraten die Aufnahmen aus dem Haus?'; 'Die drei ???; Folge 52\nund die Musikpiraten'; 'Veröffentlichungsdatum: 12.07.1991'; 'Hitchcock; Erzähler - Peter Pasetti\nJustus Jonas; Erster Detektiv - Oliver Rohrbeck\nPeter Shaw; Zweiter Detektiv - Jens Wawrczeck\nBob Andrews; Recherchen und Archiv - Andreas Fröhlich\nBrick - Rainer Schmitt\nThanom - Peter Heinrich\nPrem - Lutz Mackensy\nButler - Gerd Baltus\nSax - Andreas Mannkopff\nCeleste - Michaela Gröger\nLara - Gerlach Fiedler\nRivers - Wolfgang Völz\nHansen - Verena Wiet\nMaxi - Hildegard Krekel\nQuill - Matthias Bullach\nTony - Michael Quiatkowsky']
[53; 'und die Automafia'; 'Mit Autos kennt sich Justus\\ Vetter Ty Cassey einfach phantastisch aus. Ein bißchen zu gut; findet Kommissar Maxim vom Sonderdezernat Autodiebstähle und nimmt den verdächtigen jungen Mann vorläufig fest. Zugegeben; der geniale Mechaniker in den abgerissenen Klamotten; der die meiste Zeit durch die Gegend trampt; wirkt schon etwas ausgeflippt - aber ein Autodieb? Die drei ??? setzen alles dran; Ty\\\\s Unschuld zu beweisen. Dabei bekommen sie es mit ausgekochten Profis zu tun; die vor nichts zurückschrecken.'; 'Die drei ???; Folge 53\nund die Automafia'; 'Veröffentlichungsdatum: 13.07.1991'; 'Hitchcock; Erzähler - Peter Pasetti\nJustus Jonas; Erster Detektiv - Oliver Rohrbeck\nPeter Shaw; Zweiter Detektiv - Jens Wawrczeck\nBob Andrews; Recherchen und Archiv - Andreas Fröhlich\nKelly - Juliane Szalay\nTy Cassey - Stefan Brönneke\nInspektor Cole - Wolfgang Schimmelpfennig [Günter König]\nKommissar Maxim - Peter Matic\nGilbar - Rolf Becker\nTorres - Douglas Welbat\nTante Mathilda - Karin Lieneweg\nJake Hatch - Hans Barein\nTiburon - Michael Quiatkowsky']
[54; 'Gefahr im Verzug'; 'Anonyme Drohungen; umstürzende Kulissen; herumliegende Rasierklingen; eine Explosion: Es ist offensichtlich; daß irgend jemand George Brandon nach dem Leben trachtet. Der Star des Musicals Gefahr im Verzug entgeht den mysteriösen Unfällen nur um Haaresbreite. Aber die Show läuft weiter und entwickelt sich sogar zum Kassenschlager. Um unauffällig ermitteln zu können; schleusen sich Justus; Peter und Kelly als Statisten getarnt in den Theaterbetrieb ein.'; 'Die drei ???; Folge 54\nGefahr im Verzug'; 'Veröffentlichungsdatum: 17.02.1992'; 'Hitchcock; Erzähler - Peter Pasetti\nJustus Jonas; Erster Detektiv - Oliver Rohrbeck\nPeter Shaw; Zweiter Detektiv - Jens Wawrczeck\nBob Andrews; Recherchen und Archiv - Andreas Fröhlich\nKelly - Juliane Szalay\nBuzz Newman - Manou Lubowski\nGeorge Brandon - Fabian Harloff\nJim Bernardie - Holger Mahlich\nFirestone - Peter Schiff\nCrocker - Lothar Grützner\nLovell Madeira - Rainer Schmitt\nVic Hammell - Ben Tappé\nDan - Henry König']
[55; 'Gekaufte Spieler'; 'Kaum zu fassen! Duggan bietet Peter das begehrte Stipendium am Shoremont College an. Die einzige Bedingung: Er soll in der dortigen Basketball-Mannschaft mitspielen. Das ist die Chance für den begeisterten Sportler. Wenig später findet er einen dicken Briefumschlag mit Hundert-Dollar-Scheinen in seinem Auto. Wie sich herausstellt; ist Peter nicht der einzige; der Bestechungsgelder erhält. Was steckt dahinter? Um den Skandal der gekauften Spieler aufzudecken; wird Justus sogar zum Papagei.'; 'Die drei ???; Folge 55\nGekaufte Spieler'; 'Veröffentlichungsdatum: 18.02.1992'; 'Hitchcock; Erzähler - Peter Pasetti\nJustus Jonas; Erster Detektiv - Oliver Rohrbeck\nPeter Shaw; Zweiter Detektiv - Jens Wawrczeck\nBob Andrews; Recherchen und Archiv - Andreas Fröhlich\nKommissar Reynolds - Wolfgang Draeger\nKelly - Juliane Szalay\nTrainer Tong - Michael Hark\nTrainer Duggan - Douglas Welbat\nPräsident Harper - Eric Vaessen\nJerri - Samira Chanfir\nNora - Ann Montenbruck\nCory - Ben Tappé\nNorman - Henry König\nPowers - Hans Clarin']
[56; 'Angriff der Computer-Viren'; 'Kein Mensch kann von Computer-Viren angesteckt werden; aber ein viruskranker Computer kann tausende von Menschenleben gefährden! Das erkennen unsere drei Detektive; als ihr eigener Computer abstürzt. Sie handeln sofort. Ihre Nachforschungen führen sie in die abenteuerliche Welt einer Werbefilmproduktion und... auf die Spur eines genialen Spinners; der leider auch ein gefährlicher Erpresser ist. Ein Fall für die drei ??? und ganz speziell für Justus den Computer-Freak!'; 'Die drei ???; Folge 56\nAngriff der Computer-Viren'; 'Veröffentlichungsdatum: 14.09.1992'; 'Kelly - Juliane Szalay\nJustus Jonas; Erster Detektiv - Oliver Rohrbeck\nHarold - Willi Röbke\nLiz - Verena Großer\nNorton Rome - Douglas Welbat\nDose - Jan-Friedrich Conrad\nSilas Ek - Hans Sievers\nSekretär - Eckart Dux\nJan - Stefan Brönneke\nPeter Shaw; Zweiter Detektiv - Jens Wawrczeck\nBob Andrews; Recherchen und Archiv - Andreas Fröhlich\nBranson Barr - Michael Harck\nLys - Anika Pages\nHitchcock; Erzähler - Peter Pasetti']
